종목코드,종목명,추정수량,현재가,평가금액,비중(%),등락률(%),지분율(%),업종,기준일
005930,삼성전자,433122180,272000.0,117809232960000,28.1449,-1.449275362318836,7.26,전자부품·통신장비,2026-10-06
000660,SK하이닉스,54989649,1773000.0,97496647677000,23.2922,-3.693644758283543,7.55,전자부품·통신장비,2026-10-06
402340,SK스퀘어,11662940,1161000.0,13540673340000,3.2349,0.08620689655172153,7.23,금융,2026-10-06
009150,삼성전기,7375584,1675000.0,12354103200000,2.9514,5.945604048070852,10.16,전자부품·통신장비,2026-10-06
373220,LG에너지솔루션,14342959,390000.0,5593754010000,1.3364,5.121293800539073,6.35,전기장비,2026-10-06
105560,KB금융,33101147,166900.0,5524581434300,1.3198,-0.29868578255675127,8.4,금융,2026-10-06
005380,현대차,15815566,348000.0,5503816968000,1.3149,0.43290043290042934,7.55,자동차,2026-10-06
028260,삼성물산,13917421,342000.0,4759757982000,1.1371,-1.1560693641618491,7.28,도매,2026-10-06
055550,신한지주,43318455,103600.0,4487791938000,1.0721,-1.1450381679389277,8.56,금융,2026-10-06
012450,한화에어로스페이스,4081625,1023000.0,4175502375000,0.9975,-4.570895522388064,7.44,기타 운송장비,2026-10-06
207940,삼성바이오로직스,3186122,1310000.0,4173819820000,0.9971,-3.2496307237813937,6.92,의약품,2026-10-06
032830,삼성생명,14135021,285000.0,4028480985000,0.9624,-1.384083044982698,7.07,보험·연금,2026-10-06
034020,두산에너빌리티,48852699,81500.0,3981494968500,0.9512,0.4932182490752224,7.34,기계·장비,2026-10-06
006400,삼성SDI,6420490,575000.0,3691781750000,0.882,8.695652173913038,7.41,전기장비,2026-10-06
329180,HD현대중공업,8417158,420500.0,3539414939000,0.8456,-1.2910798122065748,6.6,기타 운송장비,2026-10-06
086790,하나금융지주,27153120,128700.0,3494606544000,0.8349,-0.30983733539891034,9.25,금융,2026-10-06
034730,SK,5622278,586000.0,3294654908000,0.7871,0.3424657534246478,7.63,금융,2026-10-06
012330,현대모비스,8625989,380000.0,3277875820000,0.7831,-0.9126466753585416,9.06,자동차,2026-10-06
000270,기아,28390268,112600.0,3196744176800,0.7637,-0.26572187776793266,7.14,자동차,2026-10-06
068270,셀트리온,16926095,182400.0,3087319728000,0.7376,-0.10952902519167917,6.79,의약품,2026-10-06
035420,NAVER,14432457,191100.0,2758042532700,0.6589,-0.572320499479706,8.94,정보서비스,2026-10-06
298040,효성중공업,944514,2807000.0,2651250798000,0.6334,0.7899461400359131,12.29,전기장비,2026-10-06
066570,LG전자,10608602,232500.0,2466499965000,0.5893,7.638888888888884,7.59,전자부품·통신장비,2026-10-06
000150,두산,1565564,1468000.0,2298247952000,0.5491,9.470544369873224,8.58,전자부품·통신장비,2026-10-06
005490,POSCO홀딩스,6576661,318000.0,2091378198000,0.4996,2.2508038585209,7.46,1차금속,2026-10-06
000810,삼성화재,3289819,635000.0,2089035065000,0.4991,1.437699680511173,6.94,보험·연금,2026-10-06
096770,SK이노베이션,12074145,158000.0,1907714910000,0.4558,2.5974025974025983,5.92,석유정제,2026-10-06
267260,HD현대일렉트릭,2763351,683000.0,1887368733000,0.4509,0.7374631268436627,7.67,전기장비,2026-10-06
010950,S-Oil,10523736,165300.0,1739573560800,0.4156,-0.5415162454873612,6.85,석유정제,2026-10-06
138040,메리츠금융지주,12950279,129900.0,1682241242100,0.4019,0.8540372670807539,6.65,금융,2026-10-06
316140,우리금융지주,49778265,33400.0,1662594051000,0.3972,-0.29850746268657025,6.84,금융,2026-10-06
079550,LIG넥스원,2362195,703000.0,1660623085000,0.3967,-7.742782152230976,9.71,금속가공,2026-10-06
033780,KT&G,9157340,176400.0,1615354776000,0.3859,-0.2826455624646673,7.09,담배,2026-10-06
017670,SK텔레콤,18176280,88400.0,1606783152000,0.3839,0.0,8.8,통신,2026-10-06
042660,한화오션,20413224,77200.0,1575900892800,0.3765,-2.030456852791873,5.9,기타 운송장비,2026-10-06
051910,LG화학,5389846,279000.0,1503767034000,0.3593,6.2857142857142945,8.25,화학,2026-10-06
009540,HD한국조선해양,4641667,318500.0,1478370939500,0.3532,-2.300613496932513,6.55,금융,2026-10-06
018260,삼성에스디에스,6733755,219500.0,1478059222500,0.3531,0.0,9.41,IT서비스·SW,2026-10-06
042700,한미반도체,5224463,278000.0,1452400714000,0.347,2.2058823529411686,5.57,기계·장비,2026-10-06
010140,삼성중공업,70235377,19700.0,1383636926900,0.3306,-1.3026052104208374,8.23,기타 운송장비,2026-10-06
086280,현대글로비스,6790664,201000.0,1364923464000,0.3261,-0.2481389578163795,10.03,물류·운송서비스,2026-10-06
015760,한국전력,44185346,30300.0,1338815983800,0.3198,0.8319467554076532,7.5,전기·가스,2026-10-06
000720,현대건설,11375422,112900.0,1284285143800,0.3068,-1.3111888111888126,7.49,종합건설,2026-10-06
071050,한국금융지주,7164797,178000.0,1275333866000,0.3047,-1.7660044150110354,10.49,금융,2026-10-06
006260,LS,4167550,299500.0,1248181225000,0.2982,0.3350083752093891,12.94,금융,2026-10-06
267250,HD현대,5902972,195300.0,1152850431600,0.2754,-2.8358208955223896,8.33,금융,2026-10-06
011070,LG이노텍,1761651,644000.0,1134503244000,0.271,12.195121951219523,8.62,전자부품·통신장비,2026-10-06
005830,DB손해보험,6131719,182900.0,1121491405100,0.2679,0.0547045951859948,7.38,보험·연금,2026-10-06
003550,LG,9704689,115400.0,1119921110600,0.2676,3.8703870387038597,6.72,금융,2026-10-06
003490,대한항공,33583853,31150.0,1046137020950,0.2499,1.7973856209150263,9.25,항공운송,2026-10-06
011200,HMM,47261848,21450.0,1013766639600,0.2422,-0.23255813953488857,5.11,수상운송,2026-10-06
016360,삼성증권,11040930,89100.0,983746863000,0.235,-1.4380530973451378,13.37,금융·보험 서비스,2026-10-06
003230,삼양식품,797258,1210000.0,964682180000,0.2305,-0.08257638315442017,8.49,식료품,2026-10-06
272210,한화시스템,11663315,81700.0,952892835500,0.2276,-1.4475271411338975,8.58,전자부품·통신장비,2026-10-06
007660,이수페타시스,7220086,131900.0,952329343400,0.2275,8.828382838283822,8.09,전자부품·통신장비,2026-10-06
003670,포스코퓨처엠,4486381,204500.0,917464914500,0.2192,9.416800428036387,5.37,전기장비,2026-10-06
030200,KT,17778408,51500.0,915588012000,0.2187,-0.770712909441229,7.76,통신,2026-10-06
010620,HD현대미포,4081033,223000.0,910070359000,0.2174,0.0,12.23,기타 운송장비,2026-10-06
010130,고려아연,812227,1109000.0,900759743000,0.2152,2.6851851851851904,3.92,1차금속,2026-10-06
047810,한국항공우주,6899941,129200.0,891472377200,0.213,-3.22097378277153,8.5,기타 운송장비,2026-10-06
005935,삼성전자우,4484163,198200.0,888761106600,0.2123,-1.3930348258706426,0.54,전자부품·통신장비,2026-10-06
028050,삼성E&A,18311066,48050.0,879846721300,0.2102,0.6282722513089034,6.95,엔지니어링,2026-10-06
024110,기업은행,43453834,20200.0,877767446800,0.2097,0.0,5.43,금융,2026-10-06
064350,현대로템,7720460,112400.0,867779704000,0.2073,-3.519313304721028,8.07,기타 운송장비,2026-10-06
078930,GS,7902843,105800.0,836120789400,0.1998,-0.5639097744360888,7.37,금융,2026-10-06
090430,아모레퍼시픽,6135147,133200.0,817201580400,0.1952,0.37678975131876236,6.35,화학,2026-10-06
035720,카카오,23873979,33500.0,799778296500,0.1911,0.1494768310911887,6.02,정보서비스,2026-10-06
307950,현대오토에버,1977997,388000.0,767462836000,0.1833,1.437908496732021,6.67,출판,2026-10-06
353200,대덕전자,4780495,157900.0,754840160500,0.1803,6.833558863328815,7.47,전자부품·통신장비,2026-10-06
005940,NH투자증권,28304200,26650.0,754306930000,0.1802,-1.1131725417439675,8.65,금융·보험 서비스,2026-10-06
047050,포스코인터내셔널,12405839,57300.0,710854574700,0.1698,1.2367491166077826,5.92,도매,2026-10-06
039490,키움증권,2776497,253000.0,702453741000,0.1678,-2.5048169556840083,13.02,금융·보험 서비스,2026-10-06
128940,한미약품,1230775,523000.0,643695325000,0.1538,3.359683794466406,10.61,의약품,2026-10-06
443060,HD현대마린솔루션,2786373,226500.0,631113484500,0.1508,-2.997858672376874,6.85,엔지니어링,2026-10-06
161390,한국타이어앤테크놀로지,9921367,60400.0,599250566800,0.1432,0.8347245409014992,7.11,고무·플라스틱,2026-10-06
010060,OCI홀딩스,2385981,244500.0,583372354500,0.1394,3.3826638477801207,7.83,금융,2026-10-06
259960,크래프톤,2891169,200500.0,579679384500,0.1385,0.7031642390758375,6.69,출판,2026-10-06
323410,카카오뱅크,28663444,20100.0,576135224400,0.1376,2.0304568527918843,5.76,금융,2026-10-06
010120,LS ELECTRIC,2637583,217500.0,573674302500,0.1371,3.8186157517899666,9.23,전기장비,2026-10-06
021240,코웨이,5314665,100800.0,535718232000,0.128,-0.7874015748031482,6.69,개인서비스,2026-10-06
009830,한화솔루션,14419263,37000.0,533512731000,0.1275,2.4930747922437657,5.88,화학,2026-10-06
000880,한화,4203552,126500.0,531749328000,0.127,-1.8619084561675714,5.98,화학,2026-10-06
062040,산일전기,2228956,235000.0,523804660000,0.1251,3.524229074889873,4.95,전기장비,2026-10-06
052690,한전기술,4038810,128800.0,520198728000,0.1243,1.337529504327306,8.12,엔지니어링,2026-10-06
036570,엔씨소프트,2206581,224000.0,494274144000,0.1181,-7.05394190871369,8.1,출판,2026-10-06
001450,현대해상,9985793,46900.0,468333691700,0.1119,-1.7801047120418856,7.25,보험·연금,2026-10-06
352820,하이브,2917871,157000.0,458105747000,0.1094,1.0946555054732743,7.52,영상·오디오,2026-10-06
005387,현대차2우B,2510897,179600.0,450957101200,0.1077,2.6285714285714246,7.02,자동차,2026-10-06
001040,CJ,3453585,130000.0,448966050000,0.1073,-1.1406844106463865,12.44,금융,2026-10-06
000990,DB하이텍,3209187,139700.0,448323423900,0.1071,-0.78125,6.94,전자부품·통신장비,2026-10-06
192820,코스맥스,1458173,298000.0,434535554000,0.1038,10.370370370370363,13.41,화학,2026-10-06
066970,엘앤에프,3491220,124100.0,433260402000,0.1035,8.955223880597018,6.33,전기장비,2026-10-06
180640,한진칼,3192308,134500.0,429365426000,0.1026,1.6628873771730834,4.78,금융,2026-10-06
161890,한국콜마,2992257,138900.0,415624497300,0.0993,1.683748169838939,11.88,화학,2026-10-06
047040,대우건설,23413849,17750.0,415595819750,0.0993,0.7950028392958552,5.64,종합건설,2026-10-06
000100,유한양행,5439580,76300.0,415039954000,0.0992,2.9689608636977116,7.29,의약품,2026-10-06
032640,LG유플러스,27086137,14560.0,394374154720,0.0942,0.06872852233676952,7.05,통신,2026-10-06
004020,현대제철,13134604,29950.0,393381389800,0.094,-0.16666666666667052,7.71,1차금속,2026-10-06
082740,한화엔진,8143894,47450.0,386427770300,0.0923,-2.366255144032925,12.7,기계·장비,2026-10-06
271560,오리온,3614795,106500.0,384975667500,0.092,1.139601139601143,10.53,식료품,2026-10-06
138930,BNK금융지주,23477020,16010.0,375867090200,0.0898,0.43914680050187727,9.17,금융,2026-10-06
326030,SK바이오팜,4697035,76600.0,359792881000,0.086,1.055408970976246,6.58,연구개발,2026-10-06
175330,JB금융지주,12487715,28650.0,357773034750,0.0855,-1.2068965517241348,6.41,금융,2026-10-06
001440,대한전선,11241066,31750.0,356903845500,0.0853,0.7936507936507908,5.6,전기장비,2026-10-06
004170,신세계,1087935,326500.0,355210777500,0.0849,-1.6566265060240948,10.42,소매,2026-10-06
042670,HD현대인프라코어,25733062,13800.0,355116255600,0.0848,0.0,10.84,기계·장비,2026-10-06
375500,DL이앤씨,4745832,74000.0,351191568000,0.0839,-1.3333333333333308,11.24,종합건설,2026-10-06
006360,GS건설,10484352,33050.0,346507833600,0.0828,0.0,8.77,종합건설,2026-10-06
011790,SKC,3045979,111700.0,340235854300,0.0813,4.882629107981229,5.33,화학,2026-10-06
241560,두산밥캣,6060455,55400.0,335749207000,0.0802,0.36231884057971175,7.33,기계·장비,2026-10-06
377300,카카오페이,8251928,40450.0,333790487600,0.0797,0.7471980074719831,5.22,금융·보험 서비스,2026-10-06
051900,LG생활건강,1237503,265500.0,328557046500,0.0785,-2.0295202952029467,9.0,화학,2026-10-06
014680,한솔케미칼,1172771,277500.0,325443952500,0.0777,1.2773722627737127,10.01,화학,2026-10-06
103590,일진전기,3658305,87900.0,321565009500,0.0768,1.9721577726218076,8.58,전기장비,2026-10-06
023530,롯데쇼핑,3135875,100000.0,313587500000,0.0749,-2.0568070519098924,6.39,소매,2026-10-06
088350,한화생명,57562061,5310.0,305654543910,0.073,-0.37523452157598447,5.36,보험·연금,2026-10-06
196170,알테오젠,1168013,260000.0,303683380000,0.0726,0.19267822736031004,2.19,연구개발,2026-10-06
111770,영원무역,4429245,67700.0,299859886500,0.0716,1.3473053892215647,9.99,도매,2026-10-06
021320,KCC,52958801,5570.0,294980521570,0.0705,-0.7130124777183555,10.14,종합건설,2026-10-06
011780,금호석유,2450739,118700.0,290902719300,0.0695,1.1073253833049357,8.99,화학,2026-10-06
029780,삼성카드,6970802,41650.0,290333903300,0.0694,-0.7151370679380209,6.01,금융,2026-10-06
139130,DGB금융지주,14684416,18820.0,276360709120,0.066,0.965665236051505,7.03,금융,2026-10-06
028670,팬오션,46002084,6000.0,276012504000,0.0659,-3.8461538461538436,6.79,수상운송,2026-10-06
267270,HD현대건설기계,2293470,118500.0,271776195000,0.0649,0.5089058524172962,9.54,기계·장비,2026-10-06
319660,피에스케이,1749309,154000.0,269393586000,0.0644,1.3157894736842035,7.15,기계·장비,2026-10-06
017800,현대엘리베이,3625527,73300.0,265751129100,0.0635,0.6868131868131844,7.24,기계·장비,2026-10-06
112610,씨에스윈드,4616354,57500.0,265440355000,0.0634,3.790613718411562,9.33,금속가공,2026-10-06
009420,한올바이오파마,5518019,47800.0,263761308200,0.063,3.6876355748373113,10.27,의약품,2026-10-06
008930,한미사이언스,4342954,57600.0,250154150400,0.0598,4.159132007233279,6.35,금융,2026-10-06
336260,두산퓨얼셀,5187083,47500.0,246386442500,0.0589,3.598691384950925,5.33,전기장비,2026-10-06
204320,HL만도,5139925,47650.0,244917426250,0.0585,1.0604453870625585,11.83,자동차,2026-10-06
454910,두산로보틱스,3248296,74800.0,242972540800,0.058,2.3255813953488413,4.82,기계·장비,2026-10-06
088980,맥쿼리인프라,24457035,9730.0,237966950550,0.0569,-0.6128702757916216,5.1,금융,2026-10-06
278470,에이피알,638217,361000.0,230396337000,0.055,-1.3661202185792365,8.25,화학,2026-10-06
383220,F&F,3185932,71300.0,227156951600,0.0543,2.295552367288378,7.07,의복,2026-10-06
120110,코오롱인더,3869337,57700.0,223260744900,0.0533,2.6690391459074814,5.89,화학,2026-10-06
097950,CJ제일제당,1224703,180100.0,220569010300,0.0527,0.4461795872838792,12.51,식료품,2026-10-06
018880,한온시스템,54365573,3890.0,211482078970,0.0505,1.5665796344647598,5.59,기계·장비,2026-10-06
039030,이오테크닉스,384339,544000.0,209080416000,0.0499,2.2556390977443552,3.12,기계·장비,2026-10-06
069960,현대백화점,2353882,87800.0,206670839600,0.0494,-1.1261261261261257,10.01,소매,2026-10-06
007340,DN오토모티브,4144628,49650.0,205780780200,0.0492,-0.7000000000000006,5.63,전기장비,2026-10-06
282330,BGF리테일,1609778,127300.0,204924739400,0.049,-0.4691164972634887,7.75,소매,2026-10-06
012750,에스원,2388514,84700.0,202307135800,0.0483,1.9253910950661757,6.29,사업지원,2026-10-06
005850,에스엘,3846168,52000.0,200000736000,0.0478,-0.19193857965451588,8.1,자동차,2026-10-06
020150,롯데에너지머티리얼즈,3675002,54200.0,199185108400,0.0476,6.692913385826782,5.68,전자부품·통신장비,2026-10-06
240810,원익IPS,1400447,141300.0,197883161100,0.0473,2.243125904486254,2.86,기계·장비,2026-10-06
030000,제일기획,10552165,18650.0,196797877250,0.047,-0.2673796791443861,11.36,전문서비스,2026-10-06
011170,롯데케미칼,3162691,61600.0,194821765600,0.0465,0.9836065573770592,5.82,화학,2026-10-06
051600,한전KPS,4228926,45350.0,191781794100,0.0458,0.8898776418242438,9.4,전문공사,2026-10-06
036930,주성엔지니어링,672326,278500.0,187242791000,0.0447,17.510548523206747,1.42,기계·장비,2026-10-06
036460,한국가스공사,5179365,35950.0,186198171750,0.0445,-0.1388888888888884,7.37,전기·가스,2026-10-06
181710,NHN,3151469,58200.0,183415495800,0.0438,1.9264448336252293,6.78,출판,2026-10-06
251270,넷마블,5287351,34450.0,182149241950,0.0435,-2.545968882602545,5.15,출판,2026-10-06
139480,이마트,2467855,71800.0,177191989000,0.0423,-0.13908205841446364,10.0,소매,2026-10-06
003690,코리안리,12237393,14450.0,176830328850,0.0422,0.4169562195969423,7.66,보험·연금,2026-10-06
007070,GS리테일,7914892,22200.0,175710602400,0.042,0.22573363431150906,8.36,소매,2026-10-06
004800,효성,1114114,157700.0,175695777800,0.042,-0.37902716361338795,5.8,금융,2026-10-06
103140,풍산,2304212,75400.0,173737584800,0.0415,-5.513784461152882,8.26,1차금속,2026-10-06
034220,LG디스플레이,20154525,8570.0,172724279250,0.0413,0.0,5.55,전자부품·통신장비,2026-10-06
022100,포스코DX,7620930,21900.0,166898367000,0.0399,5.035971223021574,4.6,엔지니어링,2026-10-06
004370,농심,421455,396000.0,166896180000,0.0399,-1.980198019801982,11.22,식료품,2026-10-06
081660,휠라홀딩스,4248139,38850.0,165040200150,0.0394,-0.25673940949936247,7.07,도매,2026-10-06
294870,HDC현대산업개발,7536622,21850.0,164675190700,0.0393,-2.2371364653243853,12.31,종합건설,2026-10-06
035250,강원랜드,10770433,14310.0,154124896230,0.0368,0.13995801259623075,6.33,스포츠·오락,2026-10-06
000120,CJ대한통운,2163715,69900.0,151243678500,0.0361,-1.1315417256011262,10.88,육상운송,2026-10-06
064760,티씨케이,507757,296500.0,150549950500,0.036,0.16891891891892552,4.35,비금속광물제품,2026-10-06
001120,LX인터내셔널,3381195,43300.0,146405743500,0.035,-1.814058956916098,10.34,도매,2026-10-06
001430,세아베스틸지주,3014578,47250.0,142438810500,0.034,1.2861736334405238,6.64,1차금속,2026-10-06
450080,에코프로머티,3585692,39700.0,142351972400,0.034,4.473684210526319,4.51,전기장비,2026-10-06
002790,아모레G,5544721,25350.0,140558677350,0.0336,0.19762845849802257,6.31,화학,2026-10-06
298020,효성티앤씨,475588,289500.0,137682726000,0.0329,5.850091407678248,6.98,화학,2026-10-06
226950,올릭스,1122227,122600.0,137585030200,0.0329,4.965753424657526,5.53,연구개발,2026-10-06
084370,유진테크,763578,180100.0,137520397800,0.0329,1.8665158371040658,3.33,기계·장비,2026-10-06
214450,파마리서치,447238,306000.0,136854828000,0.0327,0.0,4.26,의약품,2026-10-06
004990,롯데지주,5692661,23350.0,132923634350,0.0318,-1.8907563025210128,5.42,금융,2026-10-06
071970,HD현대마린엔진,2802291,47100.0,131987906100,0.0315,-4.073319755600813,4.57,기계·장비,2026-10-06
031980,피에스케이홀딩스,657030,197000.0,129434910000,0.0309,1.7561983471074294,3.04,기계·장비,2026-10-06
069620,대웅제약,1179245,109300.0,128891478500,0.0308,0.2752293577981568,11.15,의약품,2026-10-06
302440,SK바이오사이언스,3430556,37250.0,127788211000,0.0305,2.0547945205479534,4.38,의약품,2026-10-06
009970,영원무역홀딩스,780120,162400.0,126691488000,0.0303,0.9322560596643825,4.81,금융,2026-10-06
229640,LS에코에너지,1855375,67400.0,125052275000,0.0299,1.5060240963855387,5.14,금융,2026-10-06
141080,리가켐바이오,1483486,83900.0,124464475400,0.0297,1.9441069258809174,4.05,연구개발,2026-10-06
241710,코스메카코리아,1115354,110400.0,123135081600,0.0294,0.363636363636366,12.64,화학,2026-10-06
247540,에코프로비엠,927207,128900.0,119516982300,0.0286,11.408815903197933,0.95,전기장비,2026-10-06
131970,두산테스나,985125,120000.0,118215000000,0.0282,12.25444340505144,6.14,기타 과학기술,2026-10-06
095340,ISC,572816,205500.0,117713688000,0.0281,-0.24271844660194164,2.7,도매,2026-10-06
298380,에이비엘바이오,2224087,52500.0,116764567500,0.0279,2.1400778210116655,6.21,의약품,2026-10-06
008770,호텔신라,2841803,38950.0,110688226850,0.0264,-0.8905852417302795,4.89,소매,2026-10-06
086520,에코프로,1155864,95400.0,110269425600,0.0263,7.311586051743535,0.85,금융,2026-10-06
087010,펩트론,833006,130600.0,108790583600,0.026,0.8494208494208566,3.58,의약품,2026-10-06
000815,삼성화재우,264117,395000.0,104326215000,0.0249,1.1523687580025532,8.28,보험·연금,2026-10-06
000210,DL,2104847,49450.0,104084684150,0.0249,1.22824974411464,10.31,화학,2026-10-06
095610,테스,580645,176400.0,102425778000,0.0245,-0.5636978579481422,2.95,기계·장비,2026-10-06
001820,삼화콘덴서,640761,158800.0,101752846800,0.0243,1.4696485623003186,6.26,전자부품·통신장비,2026-10-06
000500,가온전선,304428,327000.0,99547956000,0.0238,-0.6079027355623046,3.09,전기장비,2026-10-06
006280,녹십자,780084,127500.0,99460710000,0.0238,1.3513513513513598,10.6,의약품,2026-10-06
085620,미래에셋생명,4838710,20400.0,98709684000,0.0236,4.615384615384621,2.74,보험·연금,2026-10-06
192080,더블유게임즈,1739499,56700.0,98629593300,0.0236,-3.076923076923077,7.23,출판,2026-10-06
023590,다우기술,2557359,38450.0,98330453550,0.0235,1.3175230566534912,5.71,정보서비스,2026-10-06
004000,롯데정밀화학,2293839,42800.0,98176309200,0.0235,-0.1166861143523934,8.41,화학,2026-10-06
000240,한국앤컴퍼니,3877069,25300.0,98089845700,0.0234,-0.5893909626719096,4.09,금융,2026-10-06
403870,HPSP,1408829,68800.0,96927435200,0.0232,5.038167938931304,1.69,기계·장비,2026-10-06
357780,솔브레인,220677,425000.0,93787725000,0.0224,1.1904761904761862,2.84,화학,2026-10-06
089860,롯데렌탈,1821365,51000.0,92889615000,0.0222,-1.1627906976744207,5.75,임대,2026-10-06
011210,현대위아,1701821,53800.0,91557969800,0.0219,1.1278195488721776,7.63,자동차,2026-10-06
462870,시프트업,2972110,30750.0,91392382500,0.0218,-0.8064516129032251,7.42,출판,2026-10-06
257720,실리콘투,2368802,36750.0,87053473500,0.0208,-0.9433962264150941,4.88,도매,2026-10-06
281820,케이씨텍,803254,107400.0,86269479600,0.0206,16.739130434782613,7.33,의료·정밀기기,2026-10-06
089030,테크윙,1505135,57300.0,86244235500,0.0206,4.371584699453557,5.57,기계·장비,2026-10-06
001800,오리온홀딩스,3774797,22700.0,85687891900,0.0205,-0.8733624454148492,5.59,금융,2026-10-06
280360,롯데웰푸드,655861,119700.0,78506561700,0.0188,0.2512562814070307,7.24,식료품,2026-10-06
028300,HLB,1642955,47400.0,77876067000,0.0186,17.181705809641535,1.25,의약품,2026-10-06
285130,SK케미칼,1488680,52200.0,77709096000,0.0186,0.7722007722007707,5.7,화학,2026-10-06
001740,SK네트웍스,11798014,6550.0,77276991700,0.0185,0.0,5.35,도매,2026-10-06
090460,비에이치,3411526,22500.0,76759335000,0.0183,8.173076923076916,7.28,전자부품·통신장비,2026-10-06
018670,SK가스,297101,258000.0,76652058000,0.0183,8.403361344537807,3.22,도매,2026-10-06
093370,후성,4703518,16290.0,76620308220,0.0183,-0.6101281269066505,4.4,화학,2026-10-06
067310,하나마이크론,1396104,52800.0,73714291200,0.0176,2.5242718446601975,2.11,전자부품·통신장비,2026-10-06
003530,한화투자증권,15591771,4600.0,71722146600,0.0171,-1.393354769560562,6.39,금융·보험 서비스,2026-10-06
083650,비에이치아이,1225982,58200.0,71352152400,0.017,-2.1848739495798353,4.61,기계·장비,2026-10-06
277810,레인보우로보틱스,151199,466000.0,70458734000,0.0168,3.6707452725250223,0.78,기계·장비,2026-10-06
041510,에스엠,892857,78200.0,69821417400,0.0167,-1.2626262626262652,3.82,영상·오디오,2026-10-06
005290,동진쎄미켐,1296651,52300.0,67814847300,0.0162,0.5769230769230749,2.52,화학,2026-10-06
032350,롯데관광개발,6215232,10900.0,67746028800,0.0162,0.18382352941177516,5.32,사업지원,2026-10-06
237690,에스티팜,680540,96900.0,65944326000,0.0158,3.8585209003215493,3.38,의약품,2026-10-06
000250,삼천당제약,272727,241000.0,65727207000,0.0157,16.425120772946865,1.16,의약품,2026-10-06
006650,대한유화,710264,91400.0,64918129600,0.0155,-0.10928961748634114,7.99,화학,2026-10-06
001680,대상,3698475,17550.0,64908236250,0.0155,-1.5703869882220944,12.44,식료품,2026-10-06
058470,리노공업,733631,86900.0,63752533900,0.0152,3.084223013048626,5.06,전자부품·통신장비,2026-10-06
007310,오뚜기,199908,315500.0,63070974000,0.0151,-0.15822784810126667,5.75,식료품,2026-10-06
009450,경동나비엔,1033888,61000.0,63067168000,0.0151,-0.4893964110929905,7.59,전기장비,2026-10-06
005070,코스모신소재,1301383,47750.0,62141038250,0.0148,1.165254237288127,4.7,화학,2026-10-06
131290,티에스이,196364,313500.0,61560114000,0.0147,7.917383820998269,1.77,의료·정밀기기,2026-10-06
078600,대주전자재료,548128,111400.0,61061459200,0.0146,2.8624192059095055,3.54,전자부품·통신장비,2026-10-06
213420,덕산네오룩스,1989642,30600.0,60883045200,0.0145,1.830282861896837,4.92,전자부품·통신장비,2026-10-06
395400,SK리츠,11480226,5290.0,60730395540,0.0145,-0.7504690431519689,4.2,부동산,2026-10-06
361610,SK아이이테크놀로지,3338551,18170.0,60661471670,0.0145,2.7714932126696734,5.0,전기장비,2026-10-06
066575,LG전자우,737864,81900.0,60431061600,0.0144,9.345794392523366,4.29,전자부품·통신장비,2026-10-06
064960,SNT모티브,2231981,26800.0,59817090800,0.0143,-0.5565862708719838,7.36,자동차,2026-10-06
145020,휴젤,329412,181500.0,59788278000,0.0143,0.7773459189339249,2.61,의약품,2026-10-06
000640,동아쏘시오홀딩스,636362,93000.0,59181666000,0.0141,-1.6913319238900604,9.01,금융,2026-10-06
140860,파크시스템스,191962,307000.0,58932334000,0.0141,3.0201342281879207,2.75,의료·정밀기기,2026-10-06
195940,HK이노엔,1425593,41300.0,58876990900,0.0141,2.8642590286425795,6.14,의약품,2026-10-06
310210,보로노이,380000,154600.0,58748000000,0.014,7.286606523247752,2.07,연구개발,2026-10-06
005300,롯데칠성,616745,94900.0,58529100500,0.014,-0.6282722513089034,9.2,음료,2026-10-06
185750,종근당,875747,65700.0,57536577900,0.0137,0.7668711656441785,8.47,의약품,2026-10-06
004490,세방전지,887665,64600.0,57343159000,0.0137,3.8585209003215493,6.96,전기장비,2026-10-06
005440,현대지에프홀딩스,4524053,12450.0,56324459850,0.0135,-1.891252955082745,2.91,금융,2026-10-06
082640,동양생명,6614699,8250.0,54571266750,0.013,0.0,4.1,보험·연금,2026-10-06
012630,HDC,2350966,23100.0,54307314600,0.013,-1.7021276595744705,3.93,금융,2026-10-06
499790,GS피앤엘,1414390,37950.0,53676100500,0.0128,-0.5242463958060273,8.61,금융,2026-10-06
100090,SK오션플랜트,4181453,12810.0,53564412930,0.0128,6.839032527105915,6.95,1차금속,2026-10-06
069260,TKG휴켐스,3334004,15910.0,53044003640,0.0127,-0.500312695434646,8.55,화학,2026-10-06
000080,하이트진로,3510133,14790.0,51914867070,0.0124,0.13540961408260443,6.42,음료,2026-10-06
003540,대신증권,2022402,25250.0,51065650500,0.0122,-0.9803921568627416,3.99,금융·보험 서비스,2026-10-06
077970,STX엔진,2203172,23100.0,50893273200,0.0122,1.9867549668874274,11.19,기계·장비,2026-10-06
298050,HS효성첨단소재,307690,164600.0,50645774000,0.0121,1.1056511056511065,6.37,화학,2026-10-06
035900,JYP Ent.,1319027,37850.0,49925171950,0.0119,1.2032085561497263,3.71,영상·오디오,2026-10-06
056190,에스에프에이,1539017,31800.0,48940740600,0.0117,2.4154589371980784,6.48,기계·장비,2026-10-06
457190,이수스페셜티케미컬,578696,84200.0,48726203200,0.0116,3.8224414303329235,1.91,화학,2026-10-06
166090,하나머티리얼즈,734082,65000.0,47715330000,0.0114,3.0110935023771823,4.55,전자부품·통신장비,2026-10-06
222800,심텍,271985,175000.0,47597375000,0.0114,4.665071770334928,0.85,전자부품·통신장비,2026-10-06
005385,현대차우,264089,179300.0,47351157700,0.0113,2.2234891676168766,1.11,자동차,2026-10-06
009155,삼성전기우,86879,541000.0,47001539000,0.0112,3.0476190476190546,3.01,전자부품·통신장비,2026-10-06
074600,원익QnC,1416879,32800.0,46473631200,0.0111,1.5479876160990669,6.81,비금속광물제품,2026-10-06
104830,원익머트리얼즈,1104779,41600.0,45958806400,0.011,0.9708737864077666,7.87,화학,2026-10-06
006110,삼아알미늄,655835,69500.0,45580532500,0.0109,11.0223642172524,4.46,1차금속,2026-10-06
101490,에스앤에스텍,841872,53800.0,45292713600,0.0108,1.5094339622641506,4.65,전자부품·통신장비,2026-10-06
195870,해성디에스,650352,66700.0,43378478400,0.0104,2.14395099540583,6.96,전자부품·통신장비,2026-10-06
214320,이노션,2398807,17990.0,43154537930,0.0103,-0.662617338487026,8.33,전문서비스,2026-10-06
003160,디아이,1015193,42450.0,43094942850,0.0103,-0.8177570093457986,3.6,의료·정밀기기,2026-10-06
214150,클래시스,1353620,31350.0,42435987000,0.0101,2.2838499184339334,2.07,의료·정밀기기,2026-10-06
057050,현대홈쇼핑,477974,87300.0,41727130200,0.01,0.0,3.98,소매,2026-10-06
114090,GKL,4864310,8400.0,40860204000,0.0098,-1.17647058823529,7.18,스포츠·오락,2026-10-06
248070,솔루엠,2414307,16800.0,40560357600,0.0097,0.5988023952095745,7.32,전자부품·통신장비,2026-10-06
017960,한국카본,1974468,20500.0,40476594000,0.0097,-0.24330900243308973,3.8,금속가공,2026-10-06
026960,동서,1484461,26450.0,39263993450,0.0094,-4.512635379061369,1.49,도매,2026-10-06
009240,한샘,961309,40050.0,38500425450,0.0092,0.7547169811320753,5.5,도매,2026-10-06
020000,한섬,1757467,21600.0,37961287200,0.0091,-1.5945330296127547,6.38,의복,2026-10-06
049770,동원F&B,847021,44700.0,37861838700,0.009,0.0,4.39,식료품,2026-10-06
365550,ESR켄달스퀘어리츠,11803639,3140.0,37063426460,0.0089,1.2903225806451646,5.7,부동산,2026-10-06
00680K,미래에셋증권2우B,3604315,10160.0,36619840400,0.0087,-0.39215686274509665,2.52,금융·보험 서비스,2026-10-06
086450,동국제약,1652542,21700.0,35860161400,0.0086,-4.61538461538461,3.72,의약품,2026-10-06
003090,대웅,2315672,15370.0,35591878640,0.0085,0.19556714471968828,4.98,의약품,2026-10-06
137310,에스디바이오센서,5428016,6430.0,34902142880,0.0083,1.4195583596214423,4.36,의료·정밀기기,2026-10-06
300720,한일시멘트,2169421,16000.0,34710736000,0.0083,-0.31152647975077885,3.13,비금속광물제품,2026-10-06
012510,더존비즈온,285800,120000.0,34296000000,0.0082,0.0,9.22,IT서비스·SW,2026-10-06
007810,코리아써키트,383772,88700.0,34040576400,0.0081,7.645631067961167,1.64,전자부품·통신장비,2026-10-06
025540,한국단자,611054,55600.0,33974602400,0.0081,-0.89126559714795,10.63,전기장비,2026-10-06
456040,OCI,455874,73900.0,33689088600,0.008,-0.13513513513513375,6.23,화학,2026-10-06
115180,큐리언트,1344148,25000.0,33603700000,0.008,1.0101010101010166,4.18,연구개발,2026-10-06
014830,유니드,546566,60900.0,33285869400,0.008,0.6611570247933907,6.2,화학,2026-10-06
178320,서진시스템,759777,42950.0,32632422150,0.0078,3.4939759036144658,1.35,전기장비,2026-10-06
014620,성광벤드,1077578,30000.0,32327340000,0.0077,-1.4778325123152691,6.18,1차금속,2026-10-06
006120,SK디스커버리,481959,66300.0,31953881700,0.0076,-2.212389380530977,2.56,금융,2026-10-06
098460,고영,863132,36450.0,31461161400,0.0075,6.891495601173014,1.25,기계·장비,2026-10-06
189300,인텔리안테크,418667,74400.0,31148824800,0.0074,2.3383768913342484,3.9,전자부품·통신장비,2026-10-06
073240,금호타이어,4607330,6690.0,30823037700,0.0074,-2.6200873362445365,1.61,고무·플라스틱,2026-10-06
122870,와이지엔터테인먼트,747077,40700.0,30406033900,0.0073,0.12300123001229846,4.51,영상·오디오,2026-10-06
003850,보령,3530221,8520.0,30077482920,0.0072,1.187648456057011,4.58,의약품,2026-10-06
460860,동국제강,3039142,9860.0,29965940120,0.0072,-0.2024291497975672,6.09,1차금속,2026-10-06
322000,HD현대에너지솔루션,198020,151000.0,29901020000,0.0071,8.399138549892315,1.77,전자부품·통신장비,2026-10-06
059090,미코,1234414,24000.0,29625936000,0.0071,0.4184100418409997,3.69,전자부품·통신장비,2026-10-06
218410,RFHIC,473282,62400.0,29532796800,0.0071,0.6451612903225712,1.78,전자부품·통신장비,2026-10-06
030190,NICE평가정보,1822660,16150.0,29435959000,0.007,-0.7375537799631182,3.06,정보서비스,2026-10-06
100840,SNT에너지,844560,34450.0,29095092000,0.007,-5.096418732782371,5.13,기계·장비,2026-10-06
023160,태광,1081540,26750.0,28931195000,0.0069,-4.2933810375670785,4.09,1차금속,2026-10-06
192650,드림텍,2971114,9650.0,28671250100,0.0068,2.8784648187633266,4.32,전자부품·통신장비,2026-10-06
178920,PI첨단소재,1356940,20350.0,27613729000,0.0066,0.49382716049382047,7.56,고무·플라스틱,2026-10-06
420770,기가비스,203666,135500.0,27596743000,0.0066,4.795050270688317,1.61,기계·장비,2026-10-06
005250,녹십자홀딩스,2791549,9800.0,27357180200,0.0065,1.2396694214876103,6.88,전문서비스,2026-10-06
001060,JW중외제약,977578,27300.0,26687879400,0.0064,2.0560747663551426,5.5,의약품,2026-10-06
336370,솔루스첨단소재,2832245,9340.0,26453168300,0.0063,6.864988558352403,4.88,전자부품·통신장비,2026-10-06
029460,케이씨,578662,45450.0,26300187900,0.0063,3.295454545454546,4.27,의료·정밀기기,2026-10-06
013030,하이록코리아,729559,35650.0,26008778350,0.0062,-1.7906336088154284,7.1,1차금속,2026-10-06
014820,동원시스템즈,1159215,22100.0,25618651500,0.0061,3.7558685446009488,5.35,고무·플라스틱,2026-10-06
108320,LX세미콘,660243,38250.0,25254294750,0.006,2.2727272727272707,6.62,전자부품·통신장비,2026-10-06
007690,국도화학,655613,38500.0,25241100500,0.006,0.39113428943937656,6.26,화학,2026-10-06
003570,SNT다이내믹스,817745,30850.0,25227433250,0.006,-5.368098159509205,2.46,자동차,2026-10-06
039440,에스티아이,967092,25900.0,25047682800,0.006,0.19342359767891004,6.45,기계·장비,2026-10-06
016380,KG스틸,4303797,5720.0,24617718840,0.0059,-0.521739130434784,4.31,1차금속,2026-10-06
083450,GST,436081,56000.0,24420536000,0.0058,4.477611940298498,2.34,기계·장비,2026-10-06
079160,CJ CGV,4952741,4910.0,24317958310,0.0058,-1.5045135406218657,2.99,영상·오디오,2026-10-06
001720,신영증권,167105,142100.0,23745620500,0.0057,1.645207439198848,1.02,금융·보험 서비스,2026-10-06
453340,현대그린푸드,1267313,18660.0,23648060580,0.0056,-1.3220518244315138,3.74,소매,2026-10-06
003030,세아제강지주,208782,112500.0,23487975000,0.0056,-2.4284475281873386,10.76,금융,2026-10-06
000070,삼양홀딩스,410441,57200.0,23477225200,0.0056,-0.521739130434784,5.12,금융,2026-10-06
071320,지역난방공사,297101,78800.0,23411558800,0.0056,-0.8805031446540879,2.56,전기·가스,2026-10-06
006040,동원산업,657645,35300.0,23214868500,0.0055,-0.14144271570014633,1.83,금융,2026-10-06
263750,펄어비스,703971,32950.0,23195844450,0.0055,-1.3473053892215536,1.09,출판,2026-10-06
005180,빙그레,277641,83200.0,23099731200,0.0055,0.0,2.82,식료품,2026-10-06
126340,비나텍,243851,94000.0,22921994000,0.0055,-0.8438818565400852,6.33,전기장비,2026-10-06
328130,루닛,2033037,11120.0,22607371440,0.0054,5.203405865657529,3.3,출판,2026-10-06
002350,넥센타이어,3918749,5760.0,22571994240,0.0054,-0.6896551724137945,6.71,고무·플라스틱,2026-10-06
183300,코미코,659871,34050.0,22468607550,0.0054,0.0,3.22,기계·장비,2026-10-06
000370,한화손해보험,3076923,7230.0,22246153290,0.0053,-1.3642564802182844,2.64,보험·연금,2026-10-06
090435,아모레퍼시픽우,566978,39100.0,22168839800,0.0053,-2.2499999999999964,5.36,화학,2026-10-06
284740,쿠쿠홈시스,900726,24450.0,22022750700,0.0053,-1.0121457489878583,4.02,임대,2026-10-06
039130,하나투어,730003,30100.0,21973090300,0.0052,0.6688963210702337,8.36,사업지원,2026-10-06
020560,아시아나항공,2653846,8270.0,21947306420,0.0052,1.2239902080783294,1.29,항공운송,2026-10-06
001530,DI동일,845790,25900.0,21905961000,0.0052,3.600000000000003,4.73,도매,2026-10-06
251970,펌텍코리아,342529,63000.0,21579327000,0.0052,4.132231404958686,2.76,고무·플라스틱,2026-10-06
121600,나노신소재,336770,64000.0,21553280000,0.0051,7.563025210084029,2.77,화학,2026-10-06
082920,비츠로셀,712077,30150.0,21469121550,0.0051,1.858108108108114,1.57,전기장비,2026-10-06
060980,HL홀딩스,570928,37550.0,21438346400,0.0051,-2.213541666666663,5.46,금융,2026-10-06
005420,코스모화학,1797386,11880.0,21352945680,0.0051,6.166219839142095,4.68,화학,2026-10-06
058610,에스피지,200855,106300.0,21350886500,0.0051,3.404669260700399,0.91,전기장비,2026-10-06
475150,SK이터닉스,423237,50400.0,21331144800,0.0051,1.4084507042253502,1.26,종합건설,2026-10-06
034120,SBS,1765212,11700.0,20652980400,0.0049,1.1235955056179803,8.52,방송,2026-10-06
005090,SGC에너지,421053,48300.0,20336859900,0.0049,1.2578616352201255,2.94,전기·가스,2026-10-06
005880,대한해운,9675236,2040.0,19737481440,0.0047,-5.116279069767438,5.86,수상운송,2026-10-06
075580,세진중공업,1966825,10010.0,19687918250,0.0047,-0.09980039920159944,3.46,기타 운송장비,2026-10-06
008730,율촌화학,1237525,15790.0,19540519750,0.0047,5.760214333556601,4.75,고무·플라스틱,2026-10-06
009900,명신산업,2235433,8700.0,19448267100,0.0046,1.992966002344665,4.71,자동차,2026-10-06
295310,에이치브이엠,253061,76700.0,19409778700,0.0046,9.259259259259256,2.12,1차금속,2026-10-06
344820,KCC글라스,798524,24200.0,19324280800,0.0046,-0.20618556701030855,6.87,비금속광물제품,2026-10-06
003620,KG모빌리티,7459727,2580.0,19246095660,0.0046,1.775147928994092,4.07,자동차,2026-10-06
335890,비올,1503106,12500.0,18788825000,0.0045,0.0,2.58,의료·정밀기기,2026-10-06
272290,이녹스첨단소재,810945,22850.0,18530093250,0.0044,1.3303769401330268,4.0,전자부품·통신장비,2026-10-06
093050,LF,780645,23700.0,18501286500,0.0044,-2.066115702479343,2.67,의복,2026-10-06
033500,동성화인텍,1144775,16130.0,18465220750,0.0044,-1.4660965180207652,4.6,화학,2026-10-06
030520,한글과컴퓨터,978723,18450.0,18057439350,0.0043,7.392316647264252,4.06,출판,2026-10-06
174900,앱클론,623229,28800.0,17948995200,0.0043,3.2258064516129004,3.57,의약품,2026-10-06
010780,아이에스동서,1205169,14760.0,17788294440,0.0042,1.2345679012345734,5.62,비금속광물제품,2026-10-06
105630,한세실업,2008118,8820.0,17711600760,0.0042,0.11350737797957144,10.75,의복,2026-10-06
009410,태영건설,10788382,1638.0,17671369716,0.0042,1.5499070055796649,3.75,종합건설,2026-10-06
031330,에스에이엠티,1996161,8840.0,17646063240,0.0042,-0.1129943502824804,2.0,도매,2026-10-06
082270,젬백스,1547297,11080.0,17144050760,0.0041,-0.627802690582957,3.87,기계·장비,2026-10-06
108490,로보티즈,53001,315500.0,16721815500,0.004,1.4469453376205754,0.39,기계·장비,2026-10-06
053610,프로텍,192220,85700.0,16473254000,0.0039,0.8235294117647118,1.74,,2026-10-06
225570,넥슨게임즈,1486184,10950.0,16273714800,0.0039,0.9216589861751112,2.26,출판,2026-10-06
011760,현대코퍼레이션,654695,24850.0,16269170750,0.0039,-0.9960159362549792,7.18,도매,2026-10-06
170900,동아에스티,464531,35000.0,16258585000,0.0039,0.14306151645206988,7.25,의약품,2026-10-06
271940,일진하이솔루스,1373999,11800.0,16213188200,0.0039,0.5110732538330387,3.78,기타 운송장비,2026-10-06
306200,세아제강,104391,155100.0,16191044100,0.0039,0.3234152652005218,3.69,1차금속,2026-10-06
145720,덴티움,395510,40350.0,15958828500,0.0038,4.129032258064513,7.03,의료·정밀기기,2026-10-06
067160,SOOP,431243,36750.0,15848180250,0.0038,1.2396694214876103,3.75,출판,2026-10-06
035760,CJ ENM,458101,34300.0,15712864300,0.0038,-2.5568181818181768,2.09,방송,2026-10-06
002710,TCC스틸,1043259,14990.0,15638452410,0.0037,11.367013372956913,4.86,1차금속,2026-10-06
051915,LG화학우,130353,119900.0,15629324700,0.0037,3.184165232358005,1.7,화학,2026-10-06
099320,쎄트렉아이,187266,82600.0,15468171600,0.0037,0.9779951100244544,1.71,기타 운송장비,2026-10-06
358570,지아이이노베이션,1700449,9070.0,15423072430,0.0037,2.8344671201814053,3.19,연구개발,2026-10-06
000400,롯데손해보험,7047146,2140.0,15080892440,0.0036,-2.947845804988658,2.27,보험·연금,2026-10-06
330590,롯데리츠,3573770,4180.0,14938358600,0.0036,2.829028290282909,1.24,부동산,2026-10-06
183190,아세아시멘트,1478599,9950.0,14712060050,0.0035,-1.4851485148514865,3.9,비금속광물제품,2026-10-06
033240,자화전자,517388,28250.0,14616211000,0.0035,0.7130124777183555,2.33,전자부품·통신장비,2026-10-06
102710,이엔에프테크놀로지,291320,50100.0,14595132000,0.0035,2.5588536335721557,2.03,,2026-10-06
017940,E1,160116,90800.0,14538532800,0.0035,2.367531003382184,2.34,도매,2026-10-06
086900,메디톡스,214744,67500.0,14495220000,0.0035,1.3513513513513598,2.94,의약품,2026-10-06
089590,제주항공,3250094,4445.0,14446667830,0.0035,-0.8918617614269819,6.06,항공운송,2026-10-06
415640,KB발해인프라,1430412,10040.0,14361336480,0.0034,-0.5940594059405946,1.17,금융,2026-10-06
036620,감성코퍼레이션,3636364,3765.0,13690910460,0.0033,1.0738255033557076,3.97,도매,2026-10-06
161000,애경케미칼,1200586,11340.0,13614645240,0.0033,4.132231404958686,2.47,,2026-10-06
004690,삼천리,105856,127700.0,13517811200,0.0032,-0.7770007770007803,2.62,전기·가스,2026-10-06
399720,가온칩스,278772,48200.0,13436810400,0.0032,0.0,2.41,,2026-10-06
214430,아이쓰리시스템,164444,80800.0,13287075200,0.0032,2.7989821882951738,2.33,,2026-10-06
078340,컴투스,356989,37200.0,13279990800,0.0032,-0.8000000000000007,2.8,출판,2026-10-06
265520,AP시스템,634518,20800.0,13197974400,0.0032,0.9708737864077666,4.13,,2026-10-06
039200,오스코텍,336756,39150.0,13183997400,0.0031,6.9672131147541005,0.88,,2026-10-06
145990,삼양사,285714,45800.0,13085701200,0.0031,-1.0799136069114423,2.77,식료품,2026-10-06
347850,디앤디파마텍,271337,47550.0,12902074350,0.0031,10.58139534883722,0.64,연구개발,2026-10-06
077360,덕산하이메탈,883117,14600.0,12893508200,0.0031,3.9145907473309594,1.92,,2026-10-06
034230,파라다이스,1343750,9410.0,12644687500,0.003,0.8574490889603492,1.46,스포츠·오락,2026-10-06
080220,제주반도체,134529,93600.0,12591914400,0.003,1.298701298701288,0.38,,2026-10-06
272450,진에어,2092467,5830.0,12199082610,0.0029,-0.6814310051107331,5.01,항공운송,2026-10-06
192400,쿠쿠홀딩스,452174,26750.0,12095654500,0.0029,-0.5576208178438624,1.27,금융,2026-10-06
107640,한중엔시에스,266385,45350.0,12080559750,0.0029,7.464454976303325,2.96,,2026-10-06
108670,LX하우시스,366058,32950.0,12061611100,0.0029,-1.0510510510510551,5.15,,2026-10-06
017810,풀무원,1345794,8820.0,11869903080,0.0028,1.379310344827589,3.53,식료품,2026-10-06
105840,우진,879121,13360.0,11745056560,0.0028,-1.4749262536873142,4.32,의료·정밀기기,2026-10-06
194370,제이에스코퍼레이션,946996,12270.0,11619640920,0.0028,-4.364770070148094,3.47,가죽·신발,2026-10-06
003240,태광산업,12685,915000.0,11606775000,0.0028,2.924634420697414,1.14,,2026-10-06
036530,SNT홀딩스,257778,44700.0,11522676600,0.0028,-1.3245033112582738,1.57,,2026-10-06
018290,브이티,902500,12710.0,11470775000,0.0027,0.9531374106433788,2.52,,2026-10-06
005810,풍산홀딩스,309478,36500.0,11295947000,0.0027,-0.8152173913043459,2.15,,2026-10-06
096530,씨젠,298246,37250.0,11109663500,0.0027,0.9485094850948617,0.58,,2026-10-06
005690,파미셀,833333,13180.0,10983328940,0.0026,6.290322580645169,1.39,,2026-10-06
441270,파인엠텍,1155303,9470.0,10940719410,0.0026,0.7446808510638281,3.11,,2026-10-06
383800,LX홀딩스,1355685,8000.0,10845480000,0.0026,-0.990099009900991,1.78,,2026-10-06
019210,와이지-원,839844,12710.0,10674417240,0.0026,-1.3198757763975166,2.5,,2026-10-06
007460,에이프로젠,4896907,2175.0,10650772725,0.0025,1.6355140186915973,1.6,,2026-10-06
293940,신한알파리츠,1914894,5530.0,10589363820,0.0025,-0.18050541516245744,1.58,,2026-10-06
011785,금호석유우,211838,49300.0,10443613400,0.0025,-0.5045408678102881,7.02,화학,2026-10-06
093320,케이아이엔엑스,81046,128500.0,10414411000,0.0025,1.984126984126977,1.66,,2026-10-06
215200,메가스터디교육,273973,37800.0,10356179400,0.0025,0.8000000000000007,2.38,,2026-10-06
002960,한국쉘석유,19466,527000.0,10258582000,0.0025,1.737451737451745,1.51,,2026-10-06
000670,영풍,245950,41300.0,10157735000,0.0024,1.8495684340320562,1.3,,2026-10-06
119610,인터로조,614284,16440.0,10098828960,0.0024,-2.6642984014209614,7.01,,2026-10-06
036200,유니셈,899830,11030.0,9925124900,0.0024,1.7527675276752808,2.93,,2026-10-06
031430,신세계인터내셔날,930693,10510.0,9781583430,0.0023,0.574162679425827,2.61,,2026-10-06
052710,아모텍,428380,22700.0,9724226000,0.0023,9.661835748792269,2.92,,2026-10-06
033270,유나이티드제약,543657,17740.0,9644475180,0.0023,1.197946377638326,3.33,,2026-10-06
206640,바디텍메드,989273,9720.0,9615733560,0.0023,-0.3076923076923088,4.2,,2026-10-06
002310,아세아제지,1260274,7600.0,9578082400,0.0023,-3.675538656527255,2.95,,2026-10-06
097955,CJ제일제당 우,86751,109700.0,9516584700,0.0023,0.2742230347349217,6.55,식료품,2026-10-06
051905,LG생활건강우,101744,92700.0,9431668800,0.0023,-1.067235859124871,4.84,화학,2026-10-06
016580,환인제약,917894,10190.0,9353339860,0.0022,-0.5853658536585371,5.61,,2026-10-06
058970,엠로,543549,17120.0,9305558880,0.0022,1.6023738872403603,5.11,,2026-10-06
348950,제이알글로벌리츠,7803993,1182.0,9224319726,0.0022,0.0,3.95,,2026-10-06
110990,디아이티,470494,19390.0,9122878660,0.0022,0.9895833333333437,2.49,,2026-10-06
053800,안랩,99698,89000.0,8873122000,0.0021,15.58441558441559,0.9,,2026-10-06
006730,서부T&D,774908,11440.0,8864947520,0.0021,-0.34843205574912606,1.19,,2026-10-06
068760,셀트리온제약,221223,39650.0,8771491950,0.0021,3.255208333333326,0.52,,2026-10-06
00104K,CJ4우(전환),68790,127300.0,8756967000,0.0021,-1.164596273291929,1.62,금융,2026-10-06
095660,네오위즈,476443,18340.0,8737964620,0.0021,1.6629711751662946,2.17,,2026-10-06
008060,대덕,530303,16400.0,8696969200,0.0021,1.8633540372670732,1.55,,2026-10-06
213500,한솔제지,1207993,7140.0,8625070020,0.0021,-1.1080332409972304,5.21,,2026-10-06
002810,삼영무역,400628,21450.0,8593470600,0.0021,2.1428571428571352,2.15,,2026-10-06
097230,HJ중공업,556492,15440.0,8592236480,0.0021,0.7832898172323688,0.66,,2026-10-06
072710,농심홀딩스,94637,88900.0,8413229300,0.002,-0.22446689113355678,2.05,,2026-10-06
084010,대한제강,911388,9230.0,8412111240,0.002,5.365296803652964,2.6,,2026-10-06
029530,신도리코,213333,38950.0,8309320350,0.002,0.0,2.13,,2026-10-06
393890,더블유씨피,757439,10820.0,8195489980,0.002,0.09250693802034249,2.25,,2026-10-06
122990,와이솔,1252851,6450.0,8080888950,0.0019,-3.2983508245877036,6.45,,2026-10-06
140410,메지온,113452,70800.0,8032401600,0.0019,4.117647058823537,0.37,,2026-10-06
001630,종근당홀딩스,215011,37350.0,8030660850,0.0019,0.0,5.3,,2026-10-06
352480,씨앤씨인터내셔널,389150,20450.0,7958117500,0.0019,-0.9685230024213065,5.08,,2026-10-06
004430,송원산업,679178,11540.0,7837714120,0.0019,-0.2592912705272288,2.83,,2026-10-06
036890,진성티이씨,684151,11370.0,7778796870,0.0019,-0.2631578947368429,3.05,,2026-10-06
281740,레이크머티리얼즈,593066,13070.0,7751372620,0.0019,4.143426294820718,0.91,,2026-10-06
015750,성우하이텍,1289023,6000.0,7734138000,0.0018,1.3513513513513598,1.6,,2026-10-06
099190,아이센스,458415,16780.0,7692203700,0.0018,-0.05955926146515855,1.66,,2026-10-06
006340,대원전선,571429,13390.0,7651434310,0.0018,0.14958863126401933,0.77,,2026-10-06
425040,티이엠씨,498084,15300.0,7620685200,0.0018,2.753525856279393,2.36,,2026-10-06
290650,엘앤씨바이오,145228,52400.0,7609947200,0.0018,-2.420856610800748,0.65,,2026-10-06
053690,한미글로벌,366807,20700.0,7592904900,0.0018,0.2421307506053294,3.37,,2026-10-06
253450,스튜디오드래곤,371661,20400.0,7581884400,0.0018,0.0,1.24,,2026-10-06
004360,세방,564516,13390.0,7558869240,0.0018,-0.4460966542750966,2.9,,2026-10-06
091810,티웨이항공,2843395,2630.0,7478128850,0.0018,1.740812379110257,1.26,,2026-10-06
009470,삼화전기,268495,27750.0,7450736250,0.0018,0.3616636528029016,9.37,,2026-10-06
357120,코람코라이프인프라리츠,1787026,4100.0,7326806600,0.0018,-0.7263922518159771,1.82,,2026-10-06
002030,아세아,35388,207000.0,7325316000,0.0018,2.9850746268656803,1.68,,2026-10-06
112040,위메이드,466572,15640.0,7297186080,0.0017,0.2564102564102555,1.38,,2026-10-06
104700,한국철강,739857,9520.0,7043438640,0.0017,1.8181818181818077,1.74,,2026-10-06
376300,디어유,374480,18710.0,7006520800,0.0017,-0.21333333333333204,1.58,,2026-10-06
008490,서흥,346730,20200.0,7003946000,0.0017,-0.9803921568627416,3.0,,2026-10-06
025000,KPX케미칼,120881,57700.0,6974833700,0.0017,1.9434628975264934,2.36,,2026-10-06
126720,수산인더스트리,324575,21350.0,6929676250,0.0017,-0.6976744186046546,2.28,,2026-10-06
010170,대한광통신,366748,18530.0,6795840440,0.0016,4.101123595505607,0.41,,2026-10-06
264450,유비쿼스,575348,11720.0,6743078560,0.0016,-0.5093378607809895,4.61,,2026-10-06
035150,백산,630699,10600.0,6685409400,0.0016,1.241642788920716,2.92,,2026-10-06
200880,서연이화,594732,11230.0,6678840360,0.0016,-0.0889679715302516,2.22,,2026-10-06
010690,화신,863836,7730.0,6677452280,0.0016,0.9138381201044377,2.48,,2026-10-06
137400,피엔티,198151,33450.0,6628150950,0.0016,3.240740740740744,0.83,,2026-10-06
298000,효성화학,123737,52700.0,6520939900,0.0016,-2.0446096654275103,3.27,,2026-10-06
049070,인탑스,330529,19390.0,6408957310,0.0015,3.413333333333335,1.94,,2026-10-06
241590,화승엔터프라이즈,2410676,2645.0,6376238020,0.0015,-2.757352941176472,6.56,,2026-10-06
031440,신세계푸드,166667,38150.0,6358346050,0.0015,0.0,4.28,,2026-10-06
005500,삼진제약,326508,19320.0,6308134560,0.0015,1.2578616352201255,2.36,,2026-10-06
005610,SPC삼립,153082,40950.0,6268707900,0.0015,-2.1505376344086002,1.78,,2026-10-06
148150,세경하이테크,1563636,4000.0,6254544000,0.0015,-0.497512437810943,4.35,,2026-10-06
006060,화승인더,2764930,2255.0,6234917150,0.0015,0.6696428571428603,5.12,,2026-10-06
036810,에프에스티,173088,35850.0,6205204800,0.0015,0.42016806722688926,0.78,,2026-10-06
210540,디와이파워,554233,11110.0,6157528630,0.0015,-0.08992805755395628,5.94,,2026-10-06
065680,우주일렉트로,248521,24700.0,6138468700,0.0015,-2.371541501976282,2.6,,2026-10-06
005430,한국공항,63380,96800.0,6135184000,0.0015,-0.8196721311475419,2.01,,2026-10-06
160190,하이젠알앤엠,179104,34150.0,6116401600,0.0015,18.989547038327537,0.59,,2026-10-06
077500,유니퀘스트,601504,10040.0,6039100160,0.0014,-3.4615384615384603,2.78,,2026-10-06
038290,마크로젠,479369,12550.0,6016080950,0.0014,-0.3177124702144596,4.4,,2026-10-06
043370,피에이치에이,536779,11200.0,6011924800,0.0014,-1.2345679012345734,2.56,,2026-10-06
030530,원익홀딩스,196078,30600.0,5999986800,0.0014,4.794520547945202,0.23,,2026-10-06
005389,현대차3우B,34031,174500.0,5938409500,0.0014,0.983796296296302,1.44,자동차,2026-10-06
122900,아이마켓코리아,725000,8170.0,5923250000,0.0014,-0.3658536585365857,2.16,,2026-10-06
100120,뷰웍스,198113,29650.0,5874050450,0.0014,3.1304347826087042,2.0,,2026-10-06
451800,한화리츠,1091954,5350.0,5841953900,0.0014,-0.3724394785847296,0.6,,2026-10-06
215000,골프존,162080,35900.0,5818672000,0.0014,0.5602240896358524,2.58,,2026-10-06
024720,콜마홀딩스,624071,9260.0,5778897460,0.0014,-0.32292787944026013,1.84,,2026-10-06
003300,한일홀딩스,335714,17210.0,5777637940,0.0014,-0.6924408540103899,1.08,,2026-10-06
381970,케이카,905543,6330.0,5732087190,0.0014,0.15822784810126667,1.87,,2026-10-06
030610,교보증권,575540,9920.0,5709356800,0.0014,0.10090817356205317,0.5,,2026-10-06
232140,와이씨,313418,18130.0,5682268340,0.0014,7.341622261693304,0.38,,2026-10-06
060250,NHN KCP,408451,13700.0,5595778700,0.0013,-0.363636363636366,1.01,,2026-10-06
290740,액트로,494071,11290.0,5578061590,0.0013,1.1648745519713177,4.91,,2026-10-06
348210,넥스틴,136986,40500.0,5547933000,0.0013,6.299212598425208,1.31,,2026-10-06
092730,네오팜,244726,22600.0,5530807600,0.0013,-2.164502164502169,1.5,,2026-10-06
044450,KSS해운,456621,11950.0,5456620950,0.0013,0.3358522250209939,1.96,,2026-10-06
000490,대동,704989,7690.0,5421365410,0.0013,0.5228758169934622,2.73,,2026-10-06
079900,전진건설로봇,135211,39900.0,5394918900,0.0013,-0.7462686567164201,0.92,,2026-10-06
487570,HS효성,107203,50300.0,5392310900,0.0013,1.0040160642570184,2.85,,2026-10-06
159010,아스플로,167064,32150.0,5371107600,0.0013,0.15576323987538387,1.21,,2026-10-06
417200,LS머트리얼즈,339559,15780.0,5358241020,0.0013,4.296100462656982,0.51,,2026-10-06
025770,한국정보통신,676020,7870.0,5320277400,0.0013,0.5108556832694733,1.79,,2026-10-06
002320,한진,331405,16000.0,5302480000,0.0013,2.564102564102555,2.21,,2026-10-06
042000,카페24,230088,22950.0,5280519600,0.0013,10.869565217391308,0.95,,2026-10-06
267980,매일유업,143885,35100.0,5050363500,0.0012,2.183406113537112,1.84,,2026-10-06
090350,노루페인트,617128,8170.0,5041935760,0.0012,0.8641975308641969,3.11,,2026-10-06
170920,엘티씨,113766,44250.0,5034145500,0.0012,1.8411967779056404,1.14,,2026-10-06
032500,케이엠더블유,239180,20900.0,4998862000,0.0012,-0.9478672985781977,0.59,,2026-10-06
003470,유안타증권,1140684,4305.0,4910644620,0.0012,-1.0344827586206917,0.58,,2026-10-06
017860,DS단석,378047,12960.0,4899489120,0.0012,-0.4608294930875556,2.12,,2026-10-06
338220,뷰노,570248,8590.0,4898430320,0.0012,2.8742514970059974,4.12,,2026-10-06
108380,대양전기공업,256809,18790.0,4825441110,0.0012,0.21333333333333204,2.72,,2026-10-06
102260,동성케미컬,1293452,3700.0,4785772400,0.0011,-1.0695187165775444,2.56,,2026-10-06
052400,코나아이,130199,36750.0,4784813250,0.0011,-2.5198938992042397,0.87,,2026-10-06
114840,아이패밀리에스씨,561798,8340.0,4685395320,0.0011,-0.5959475566150174,3.26,,2026-10-06
126560,현대퓨처넷,1373844,3380.0,4643592720,0.0011,-0.1477104874446078,1.25,,2026-10-06
034310,NICE,395584,11700.0,4628332800,0.0011,-0.34071550255536653,1.07,,2026-10-06
322510,제이엘케이,858896,5360.0,4603682560,0.0011,4.280155642023353,3.36,,2026-10-06
067630,HLB생명과학,1028971,4470.0,4599500370,0.0011,25.03496503496503,0.84,,2026-10-06
008040,사조동아원,622407,7380.0,4593363660,0.0011,-2.1220159151193685,0.47,,2026-10-06
060370,LS마린솔루션,130971,34950.0,4577436450,0.0011,3.0973451327433565,0.35,,2026-10-06
272110,케이엔제이,140221,32550.0,4564193550,0.0011,2.19780219780219,1.78,,2026-10-06
035510,신세계 I&C,289655,15540.0,4501238700,0.0011,0.5174644243208348,1.89,,2026-10-06
403550,쏘카,395604,11230.0,4442632920,0.0011,-0.6194690265486691,1.21,,2026-10-06
004710,한솔테크닉스,365917,12000.0,4391004000,0.001,-0.990099009900991,1.1,,2026-10-06
053030,바이넥스,659760,6610.0,4361013600,0.001,3.120124804992197,2.01,,2026-10-06
065350,신성델타테크,128559,33850.0,4351722150,0.001,3.9938556067588227,0.47,,2026-10-06
340570,티앤엘,150972,28700.0,4332896400,0.001,4.174228675136127,1.85,,2026-10-06
033100,제룡전기,84875,50400.0,4277700000,0.001,2.0242914979757165,0.52,,2026-10-06
322310,오로스테크놀로지,254817,16730.0,4263088410,0.001,2.01219512195121,2.71,,2026-10-06
009160,SIMPAC,852197,4985.0,4248202045,0.001,0.40281973816715944,1.32,,2026-10-06
091700,파트론,808081,5240.0,4234344440,0.001,0.5758157389635254,1.38,,2026-10-06
018250,애경산업,378215,11180.0,4228443700,0.001,-0.267618198037467,1.42,,2026-10-06
007700,F&F홀딩스,315091,13410.0,4225370310,0.001,0.5247376311844132,0.8,,2026-10-06
204270,제이앤티씨,180180,22950.0,4135131000,0.001,5.034324942791768,0.31,,2026-10-06
044820,코스맥스비티아이,173210,23850.0,4131058500,0.001,-3.8306451612903247,1.78,,2026-10-06
200670,휴메딕스,156213,26150.0,4084969950,0.001,1.7509727626459082,1.4,,2026-10-06
377450,리파인,288612,14150.0,4083859800,0.001,-2.279005524861877,1.66,,2026-10-06
136540,윈스,359184,11210.0,4026452640,0.001,4.766355140186906,2.93,,2026-10-06
002840,미원상사,29255,136600.0,3996233000,0.001,1.7125837676842837,0.62,,2026-10-06
000430,대원강업,899743,4400.0,3958869200,0.0009,-1.8952062430323324,1.47,,2026-10-06
161580,필옵틱스,93151,41850.0,3898369350,0.0009,2.19780219780219,0.41,,2026-10-06
243840,신흥에스이씨,625000,6230.0,3893750000,0.0009,6.495726495726495,1.61,,2026-10-06
039570,HDC랩스,522648,7420.0,3878048160,0.0009,-0.9345794392523366,2.02,,2026-10-06
003200,일신방직,356201,10880.0,3875466880,0.0009,0.7407407407407307,1.53,,2026-10-06
452260,한화갤러리아,1462523,2620.0,3831810260,0.0009,0.9633911368015502,0.76,,2026-10-06
214420,토니모리,760518,5030.0,3825405540,0.0009,-0.3960396039603964,3.18,,2026-10-06
293490,카카오게임즈,372405,10010.0,3727774050,0.0009,-1.2820512820512775,0.45,,2026-10-06
268280,미원에스씨,30080,123000.0,3699840000,0.0009,-3.6050156739811934,0.61,,2026-10-06
007390,네이처셀,148837,24750.0,3683715750,0.0009,0.0,0.23,,2026-10-06
204620,글로벌텍스프리,675477,5410.0,3654330570,0.0009,-4.753521126760562,1.09,,2026-10-06
001940,KISCO홀딩스,140281,25750.0,3612235750,0.0009,0.3898635477582957,0.88,,2026-10-06
079960,동양이엔피,211935,17000.0,3602895000,0.0009,-0.2932551319648091,2.72,,2026-10-06
058430,포스코스틸리온,761246,4630.0,3524568980,0.0008,0.9814612868048078,1.25,,2026-10-06
383310,에코프로에이치엔,132308,26600.0,3519392800,0.0008,6.827309236947787,0.63,,2026-10-06
286940,롯데이노베이트,201342,17350.0,3493283700,0.0008,0.3470213996529692,1.32,,2026-10-06
214370,케어젠,79861,43100.0,3442009100,0.0008,1.292596944770863,0.15,,2026-10-06
051370,인터플렉스,457516,7510.0,3435945160,0.0008,5.1820728291316565,1.98,,2026-10-06
005680,삼영전자,274112,12500.0,3426400000,0.0008,-0.5568814638027053,1.35,,2026-10-06
460850,동국씨엠,638655,5360.0,3423190800,0.0008,-0.5565862708719838,2.13,,2026-10-06
194480,데브시스터즈,238267,13940.0,3321441980,0.0008,-0.49964311206280865,1.99,,2026-10-06
377740,바이오노트,700637,4640.0,3250955680,0.0008,-1.276595744680853,0.69,,2026-10-06
009290,광동제약,477941,6800.0,3249998800,0.0008,3.8167938931297662,0.92,,2026-10-06
089980,상아프론테크,191257,16910.0,3234155870,0.0008,2.422774076317391,1.21,,2026-10-06
348370,엔켐,130926,24300.0,3181501800,0.0008,7.52212389380531,0.62,,2026-10-06
012030,DB,1533742,2065.0,3167177230,0.0008,1.4742014742014753,0.77,,2026-10-06
097520,엠씨넥스,161627,19470.0,3146877690,0.0008,0.3091190108191588,0.9,,2026-10-06
138490,코오롱ENP,208729,15000.0,3130935000,0.0007,0.0,0.54,,2026-10-06
002390,한독,365145,8530.0,3114686850,0.0007,-0.3504672897196248,2.63,,2026-10-06
084690,대상홀딩스,392927,7900.0,3104123300,0.0007,0.8939974457215838,1.07,,2026-10-06
002240,고려제강,179272,17010.0,3049416720,0.0007,0.8896797153024938,0.72,,2026-10-06
475400,씨메스,158333,19250.0,3047910250,0.0007,0.6272869837950834,1.35,,2026-10-06
036540,SFA반도체,259319,11730.0,3041811870,0.0007,3.16622691292876,0.16,,2026-10-06
002020,코오롱,128297,23700.0,3040638900,0.0007,0.6369426751592355,1.0,,2026-10-06
004380,삼익THK,388964,7790.0,3030029560,0.0007,0.12853470437017567,2.41,,2026-10-06
094280,효성ITX,253890,11900.0,3021291000,0.0007,0.0,2.19,,2026-10-06
001510,SK증권,1295896,2330.0,3019437680,0.0007,-1.4799154334038,0.57,,2026-10-06
003920,남양유업,71550,41850.0,2994367500,0.0007,-0.8293838862559189,1.06,,2026-10-06
086670,비엠티,150479,19530.0,2938854870,0.0007,3.115100316789854,1.64,,2026-10-06
092230,KPX홀딩스,30361,95900.0,2911619900,0.0007,-0.20811654526534662,0.7,,2026-10-06
016590,신대양제지,314136,9180.0,2883768480,0.0007,0.0,0.8,,2026-10-06
015860,일진홀딩스,397351,7250.0,2880794750,0.0007,-1.6282225237449155,0.81,,2026-10-06
036830,솔브레인홀딩스,58172,49300.0,2867879600,0.0007,1.0245901639344357,0.28,,2026-10-06
206650,유바이오로직스,337449,8430.0,2844695070,0.0007,-0.2366863905325478,0.93,,2026-10-06
015890,태경산업,591837,4795.0,2837858415,0.0007,0.2089864158829613,2.06,,2026-10-06
001500,현대차증권,360740,7780.0,2806557200,0.0007,-0.2564102564102555,1.03,,2026-10-06
034830,한국토지신탁,2500000,1111.0,2777500000,0.0007,-1.1565836298932375,0.99,,2026-10-06
003380,하림지주,238971,11590.0,2769673890,0.0007,2.657218777679371,0.22,,2026-10-06
297090,씨에스베어링,548571,5000.0,2742855000,0.0007,-0.1996007984031989,2.0,,2026-10-06
009680,모토닉,272512,10060.0,2741470720,0.0007,0.29910269192423566,0.83,,2026-10-06
160980,싸이맥스,93787,29100.0,2729201700,0.0007,1.9264448336252293,0.91,,2026-10-06
041830,인바디,51724,52300.0,2705165200,0.0006,0.38387715930903177,0.37,,2026-10-06
017370,우신시스템,749222,3605.0,2700945310,0.0006,0.2781641168289273,6.08,,2026-10-06
078520,에이블씨엔씨,243553,11050.0,2691260650,0.0006,1.3761467889908285,0.93,,2026-10-06
084110,휴온스글로벌,115607,23250.0,2687862750,0.0006,3.104212860310418,0.92,,2026-10-06
054950,제이브이엠,110178,24300.0,2677325400,0.0006,-0.6134969325153339,0.93,,2026-10-06
018470,조일알미늄,501792,5330.0,2674551360,0.0006,1.9120458891013437,0.41,,2026-10-06
484870,엠앤씨솔루션,137690,19260.0,2651909400,0.0006,3.2707774798927725,1.5,,2026-10-06
263860,지니언스,107181,24650.0,2642011650,0.0006,20.833333333333325,1.13,,2026-10-06
114810,한솔아이원스,171607,15350.0,2634167450,0.0006,-0.45395590142671693,0.59,,2026-10-06
249420,일동제약,178420,14730.0,2628126600,0.0006,1.5161957270847681,0.64,,2026-10-06
003350,한국화장품제조,174081,15040.0,2618178240,0.0006,-3.0303030303030276,0.77,,2026-10-06
304100,솔트룩스,165548,15600.0,2582548800,0.0006,0.9055627425614388,1.35,,2026-10-06
025980,아난티,509434,5050.0,2572641700,0.0006,-0.7858546168958758,0.58,,2026-10-06
025860,남해화학,424144,6030.0,2557588320,0.0006,0.49999999999998934,0.86,,2026-10-06
389650,넥스트바이오메디컬,80488,31500.0,2535372000,0.0006,-0.7874015748031482,0.99,,2026-10-06
405100,큐알티,145299,17420.0,2531108580,0.0006,5.06634499396863,1.18,,2026-10-06
123890,한국자산신탁,1041293,2420.0,2519929060,0.0006,1.2552301255230214,0.83,,2026-10-06
130660,한전산업,202991,12390.0,2515058490,0.0006,0.32388663967610754,0.63,,2026-10-06
003720,삼영,378378,6600.0,2497294800,0.0006,2.1671826625387025,1.08,,2026-10-06
450140,코오롱모빌리티그룹,340426,7290.0,2481705540,0.0006,0.0,0.51,,2026-10-06
236200,슈프리마,41068,60400.0,2480507200,0.0006,10.21897810218979,0.55,,2026-10-06
027410,BGF,666667,3720.0,2480001240,0.0006,0.0,0.71,,2026-10-06
002780,진흥기업,377358,6550.0,2471694900,0.0006,0.1529051987767538,0.24,,2026-10-06
004700,조광피혁,36630,67000.0,2454210000,0.0006,0.6006006006006093,0.55,,2026-10-06
000320,노루홀딩스,155280,15600.0,2422368000,0.0006,1.2329656067488592,1.17,,2026-10-06
243070,휴온스,124088,19460.0,2414752480,0.0006,-0.10266940451745254,1.05,,2026-10-06
003960,사조대림,86207,27550.0,2375002850,0.0006,1.2867647058823595,0.94,,2026-10-06
078160,메디포스트,225694,10430.0,2353988420,0.0006,7.415036045314105,0.66,,2026-10-06
264900,크라운제과,308087,7630.0,2350703810,0.0006,0.5270092226614009,2.43,,2026-10-06
015230,대창단조,361446,6500.0,2349399000,0.0006,-0.6116207951070374,1.26,,2026-10-06
251370,와이엠티,245148,9580.0,2348517840,0.0006,2.4598930481283476,1.49,,2026-10-06
010100,한국무브넥스,678514,3450.0,2340873300,0.0006,-0.28901734104046506,2.27,,2026-10-06
002170,삼양통상,44266,51800.0,2292978800,0.0005,0.0,1.48,,2026-10-06
001570,금양,231132,9900.0,2288206800,0.0005,0.0,0.36,,2026-10-06
069080,웹젠,189643,12000.0,2275716000,0.0005,2.4765157984628416,0.54,,2026-10-06
003220,대원제약,287719,7880.0,2267225720,0.0005,-0.12674271229404788,1.27,,2026-10-06
006390,한일현대시멘트,125461,18010.0,2259552610,0.0005,0.0,0.65,,2026-10-06
404990,신한서부티엔디리츠,582242,3880.0,2259098960,0.0005,-0.25706940874036244,1.04,,2026-10-06
005720,넥센,350109,6440.0,2254701960,0.0005,-0.6172839506172867,0.63,,2026-10-06
123860,아나패스,174757,12890.0,2252617730,0.0005,-1.6030534351144987,1.46,,2026-10-06
453450,그리드위즈,168878,13330.0,2251143740,0.0005,0.9084027252081794,2.14,,2026-10-06
143240,사람인,126002,17590.0,2216375180,0.0005,0.7445589919816697,1.06,,2026-10-06
002990,금호건설,186567,11820.0,2205221940,0.0005,-3.1147540983606503,0.46,,2026-10-06
400760,NH올원리츠,781015,2810.0,2194652150,0.0005,-0.1776198934280604,1.79,,2026-10-06
144510,지씨셀,147679,14850.0,2193033150,0.0005,1.85185185185186,0.94,,2026-10-06
088260,이리츠코크렙,682095,3215.0,2192935425,0.0005,-0.9244992295839749,1.06,,2026-10-06
003000,부광약품,524434,4150.0,2176401100,0.0005,1.2195121951219523,0.7,,2026-10-06
171090,선익시스템,28812,75300.0,2169543600,0.0005,-1.0512483574244391,0.3,,2026-10-06
278280,천보,55021,39400.0,2167827400,0.0005,3.6842105263157787,0.56,,2026-10-06
058650,세아홀딩스,16736,128800.0,2155596800,0.0005,0.940438871473348,0.42,,2026-10-06
060720,KH바텍,184275,11690.0,2154174750,0.0005,0.8628127696289845,0.78,,2026-10-06
101160,월덱스,64935,32950.0,2139608250,0.0005,-0.15151515151514694,0.39,,2026-10-06
078350,한양디지텍,58617,36350.0,2130727950,0.0005,0.9722222222222188,0.35,,2026-10-06
123410,코리아에프티,365714,5820.0,2128455480,0.0005,-2.348993288590606,1.34,,2026-10-06
001230,동국홀딩스,1033435,2055.0,2123708925,0.0005,1.4814814814814836,0.72,,2026-10-06
126700,하이비젼시스템,172315,12250.0,2110858750,0.0005,3.5502958579881616,1.14,,2026-10-06
451760,컨텍,241935,8700.0,2104834500,0.0005,-1.4722536806342057,1.62,,2026-10-06
448730,삼성FN리츠,413043,5050.0,2085867150,0.0005,0.3976143141153132,0.46,,2026-10-06
001790,대한제당,749064,2780.0,2082397920,0.0005,-0.536672629695889,0.82,,2026-10-06
033920,무학,284810,7270.0,2070568700,0.0005,-0.8185538881309684,1.0,,2026-10-06
220100,퓨쳐켐,283073,7280.0,2060771440,0.0005,1.2517385257301727,1.27,,2026-10-06
001390,KG케미칼,482574,4220.0,2036462280,0.0005,0.0,0.7,,2026-10-06
228850,레이언스,243902,8290.0,2021947580,0.0005,-3.716608594657378,1.45,,2026-10-06
001250,GS글로벌,635514,3145.0,1998691530,0.0005,5.183946488294322,0.78,,2026-10-06
030210,다올투자증권,510367,3915.0,1998086805,0.0005,0.7722007722007707,0.85,,2026-10-06
013890,지누스,292373,6820.0,1993983860,0.0005,-1.0159651669085612,1.31,,2026-10-06
336570,원텍,386803,5150.0,1992035450,0.0005,2.794411177644718,0.43,,2026-10-06
194700,노바렉스,186667,10630.0,1984270210,0.0005,2.4084778420038644,1.02,,2026-10-06
464080,에스오에스랩,178042,10940.0,1947779480,0.0005,4.091341579448149,1.0,,2026-10-06
317400,자이에스앤디,187207,10250.0,1918871750,0.0005,2.2954091816367317,0.46,,2026-10-06
003280,흥아해운,1057214,1810.0,1913557340,0.0005,-2.425876010781669,0.43,,2026-10-06
050890,쏠리드,180723,10580.0,1912049340,0.0005,-0.18867924528301883,0.28,,2026-10-06
239890,피엔에이치테크,495425,3810.0,1887569250,0.0005,2.972972972972965,8.36,,2026-10-06
023910,대한약품,72519,25950.0,1881868050,0.0004,-0.5747126436781658,1.2,,2026-10-06
037710,광주신세계,55459,33750.0,1871741250,0.0004,-1.3157894736842146,0.69,,2026-10-06
110790,크리스에프앤씨,614618,2950.0,1813123100,0.0004,-0.16920473773265332,2.64,,2026-10-06
064290,인텍플러스,29910,60400.0,1806564000,0.0004,2.1996615905245376,0.25,,2026-10-06
017900,광전자,174520,10330.0,1802791600,0.0004,5.193482688391038,0.29,,2026-10-06
094360,칩스앤미디어,139949,12830.0,1795545670,0.0004,-0.15564202334630295,0.67,,2026-10-06
019170,신풍제약,184287,9670.0,1782055290,0.0004,4.540540540540539,0.35,,2026-10-06
046890,서울반도체,164384,10840.0,1781922560,0.0004,-0.45913682277318735,0.27,,2026-10-06
025320,시노펙스,442713,4005.0,1773065565,0.0004,0.5018820577164407,0.5,,2026-10-06
001520,동양,1585014,1118.0,1772045652,0.0004,-1.6710642040457357,0.67,,2026-10-06
028100,동아지질,88496,19670.0,1740716320,0.0004,-0.5561172901921152,0.65,,2026-10-06
272550,삼양패키징,177045,9820.0,1738581900,0.0004,-0.5065856129685908,1.14,,2026-10-06
004980,성신양회,214765,8070.0,1733153550,0.0004,-0.9815950920245453,0.85,,2026-10-06
026890,스틱인베스트먼트,220162,7870.0,1732674940,0.0004,0.12722646310432406,0.53,,2026-10-06
092790,넥스틸,120805,14190.0,1714222950,0.0004,0.78125,0.48,,2026-10-06
226320,잇츠한불,149953,11260.0,1688470780,0.0004,5.332086061739938,0.7,,2026-10-06
230240,에치에프알,118377,14250.0,1686872250,0.0004,-0.7660167130919215,0.9,,2026-10-06
372320,큐로셀,74074,22700.0,1681479800,0.0004,-1.30434782608696,0.53,,2026-10-06
200130,콜마비앤에이치,207792,8070.0,1676881440,0.0004,0.3731343283582156,0.69,,2026-10-06
253590,네오셈,102975,16230.0,1671284250,0.0004,4.17201540436456,0.23,,2026-10-06
394280,오픈엣지테크놀로지,157933,10580.0,1670931140,0.0004,-0.09442870632672129,0.73,,2026-10-06
080160,모두투어,206186,8090.0,1668044740,0.0004,-0.8578431372548989,1.1,,2026-10-06
001270,부국증권,32967,50400.0,1661536800,0.0004,0.9009009009008917,0.3,,2026-10-06
014580,태경비케이,418502,3950.0,1653082900,0.0004,1.2820512820512775,1.52,,2026-10-06
111110,호전실업,257069,6340.0,1629817460,0.0004,-0.9375000000000022,2.63,,2026-10-06
100250,진양홀딩스,539084,3015.0,1625338260,0.0004,-1.4705882352941124,0.93,,2026-10-06
172670,에이엘티,106496,15180.0,1616609280,0.0004,1.200000000000001,1.17,,2026-10-06
079430,현대리바트,288336,5600.0,1614681600,0.0004,-0.17825311942959443,1.38,,2026-10-06
117730,티로보틱스,106242,15170.0,1611691140,0.0004,0.7973421926910307,0.59,,2026-10-06
006890,태경케미컬,329768,4850.0,1599374800,0.0004,-0.1029866117404743,2.85,,2026-10-06
237880,클리오,133721,11960.0,1599303160,0.0004,-0.16694490818029983,0.74,,2026-10-06
054050,농우바이오,225035,7100.0,1597748500,0.0004,-0.8379888268156388,1.37,,2026-10-06
100790,미래에셋벤처투자,87336,18250.0,1593882000,0.0004,1.9553072625698276,0.15,,2026-10-06
117580,대성에너지,223793,7070.0,1582216510,0.0004,-0.14124293785310327,0.8,,2026-10-06
315640,딥노이드,714995,2210.0,1580138950,0.0004,0.0,2.94,,2026-10-06
054450,텔레칩스,149606,10430.0,1560390580,0.0004,0.19212295869357465,0.98,,2026-10-06
033530,SJG세종,227848,6840.0,1558480320,0.0004,0.2932551319648091,0.83,,2026-10-06
016800,퍼시스,63725,24300.0,1548517500,0.0004,1.2499999999999956,0.54,,2026-10-06
009580,무림P&P,846561,1799.0,1522963239,0.0004,2.62407301768397,1.35,,2026-10-06
013570,디와이,361290,4190.0,1513805100,0.0004,0.0,1.35,,2026-10-06
389500,에스비비테크,33333,45250.0,1508318250,0.0004,2.029312288613294,0.53,,2026-10-06
002900,TYM,227790,6560.0,1494302400,0.0004,1.8633540372670732,0.5,,2026-10-06
051360,토비스,125313,11760.0,1473680880,0.0004,-1.342281879194629,0.77,,2026-10-06
267290,경동도시가스,67797,20950.0,1420347150,0.0003,-1.6431924882629123,1.13,,2026-10-06
048410,현대바이오,198441,7150.0,1418853150,0.0003,1.4184397163120588,0.24,,2026-10-06
234080,JW생명과학,128676,10970.0,1411575720,0.0003,-0.5439709882139598,0.83,,2026-10-06
096760,JW홀딩스,331126,4240.0,1403974240,0.0003,-1.0501750291715295,0.43,,2026-10-06
004310,현대약품,167364,8340.0,1395815760,0.0003,0.0,0.52,,2026-10-06
060150,인선이엔티,464684,3000.0,1394052000,0.0003,0.5025125628140614,1.01,,2026-10-06
000520,삼일제약,159696,8720.0,1392549120,0.0003,1.3953488372093092,0.72,,2026-10-06
007160,사조산업,28694,48250.0,1384485500,0.0003,0.9414225941422494,0.57,,2026-10-06
002150,도화엔지니어링,275229,5000.0,1376145000,0.0003,0.908173562058523,0.82,,2026-10-06
000140,하이트진로홀딩스,175824,7750.0,1362636000,0.0003,-0.6410256410256387,0.73,,2026-10-06
005950,이수화학,114754,11840.0,1358687360,0.0003,2.777777777777768,0.53,,2026-10-06
046440,KG모빌리언스,337197,4020.0,1355531940,0.0003,-0.4950495049504955,0.86,,2026-10-06
084680,이월드,600000,2210.0,1326000000,0.0003,-5.555555555555558,0.44,,2026-10-06
032190,다우데이타,68898,19220.0,1324219560,0.0003,1.5856236786469413,0.19,,2026-10-06
000860,강남제비스코,110628,11960.0,1323110880,0.0003,-0.7468879668049766,0.87,,2026-10-06
016450,한세예스24홀딩스,307329,4300.0,1321514700,0.0003,-0.11614401858304202,0.79,,2026-10-06
071840,롯데하이마트,220690,5920.0,1306484800,0.0003,-1.0033444816053505,0.93,,2026-10-06
036010,아비코전자,155902,8370.0,1304899740,0.0003,0.3597122302158251,1.22,,2026-10-06
001130,대한제분,118671,10980.0,1303007580,0.0003,-0.3629764065335772,0.71,,2026-10-06
003120,일성아이에스,58065,22300.0,1294849500,0.0003,1.133786848072571,0.45,,2026-10-06
095570,AJ네트웍스,301974,4235.0,1278859890,0.0003,-1.2820512820512775,0.67,,2026-10-06
092200,디아이씨,217391,5870.0,1276085170,0.0003,2.2648083623693305,0.59,,2026-10-06
064550,바이오니아,143236,8860.0,1269070960,0.0003,3.3838973162193753,0.55,,2026-10-06
000390,삼화페인트,179153,7080.0,1268403240,0.0003,0.7112375533428139,0.68,,2026-10-06
042520,한스바이오메드,56689,22250.0,1261330250,0.0003,4.705882352941182,0.45,,2026-10-06
263600,덕우전자,232313,5410.0,1256813330,0.0003,2.2684310018903586,1.41,,2026-10-06
000050,경방,157480,7960.0,1253540800,0.0003,0.0,0.55,,2026-10-06
003070,코오롱글로벌,136209,9200.0,1253122800,0.0003,0.9879253567508295,0.7,,2026-10-06
136490,선진,124113,10050.0,1247335650,0.0003,-0.5934718100890191,0.55,,2026-10-06
045100,한양이엔지,36210,34300.0,1242003000,0.0003,-1.0101010101010055,0.19,,2026-10-06
123330,제닉,56645,21600.0,1223532000,0.0003,-0.4608294930875556,0.72,,2026-10-06
377190,디앤디플랫폼리츠,611205,1996.0,1219965180,0.0003,0.05012531328321135,0.7,,2026-10-06
365340,성일하이텍,30986,39100.0,1211552600,0.0003,3.7135278514588865,0.25,,2026-10-06
002100,경농,133333,9020.0,1202663660,0.0003,-0.6607929515418554,0.66,,2026-10-06
382900,범한퓨얼셀,46765,25350.0,1185492750,0.0003,1.603206412825653,0.51,,2026-10-06
228670,레이,274914,4275.0,1175257350,0.0003,-1.2702078521939941,1.77,,2026-10-06
363250,진시스템,283087,4150.0,1174811050,0.0003,-0.47961630695443347,7.18,,2026-10-06
102460,이연제약,116822,10030.0,1171724660,0.0003,-0.8893280632411016,0.64,,2026-10-06
014280,금강공업,256410,4565.0,1170511650,0.0003,-1.403887688984884,0.9,,2026-10-06
013580,계룡건설,54306,21500.0,1167579000,0.0003,-0.23201856148491462,0.59,,2026-10-06
475560,더본코리아,81250,14230.0,1156187500,0.0003,-0.41987403778865895,0.55,,2026-10-06
000540,흥국화재,326975,3480.0,1137873000,0.0003,2.503681885125175,0.5,,2026-10-06
011500,한농화성,74738,15170.0,1133775460,0.0003,2.777777777777768,0.5,,2026-10-06
007860,서연,148148,7610.0,1127406280,0.0003,-0.911458333333337,0.65,,2026-10-06
011330,유니켐,269179,4175.0,1123822325,0.0003,-0.47675804529201393,0.26,,2026-10-06
083310,엘오티베큠,83832,13310.0,1115803920,0.0003,3.178294573643403,0.45,,2026-10-06
004560,현대비앤지스틸,89366,12330.0,1101882780,0.0003,-0.6446414182111226,0.57,,2026-10-06
010960,삼호개발,358891,3070.0,1101795370,0.0003,-0.8077544426494332,1.49,,2026-10-06
007210,벽산,761697,1441.0,1097605377,0.0003,-0.06934812760055475,1.12,,2026-10-06
083500,에프엔에스테크,74813,14550.0,1088529150,0.0003,-0.2057613168724326,0.91,,2026-10-06
115450,HLB테라퓨틱스,376364,2890.0,1087691960,0.0003,17.004048582995956,0.43,,2026-10-06
041190,우리기술투자,173410,6270.0,1087280700,0.0003,-1.7241379310344862,0.2,,2026-10-06
089890,코세스,30441,35500.0,1080655500,0.0003,-2.8727770177838563,0.15,,2026-10-06
089470,HDC현대EP,282087,3825.0,1078982775,0.0003,0.6578947368421018,0.91,,2026-10-06
101360,에코앤드림,118721,9030.0,1072050630,0.0003,1.9187358916478603,0.68,,2026-10-06
005010,휴스틸,264550,4025.0,1064813750,0.0003,-0.1240694789081842,0.45,,2026-10-06
020120,키다리스튜디오,148810,7140.0,1062503400,0.0003,-13.872135102533168,0.43,,2026-10-06
004970,신라교역,117146,9050.0,1060171300,0.0003,-0.22050716648290836,0.75,,2026-10-06
108860,셀바스AI,111684,9390.0,1048712760,0.0003,4.79910714285714,0.42,,2026-10-06
010820,퍼스텍,168634,6200.0,1045530800,0.0002,-4.907975460122705,0.37,,2026-10-06
000020,동화약품,190476,5450.0,1038094200,0.0002,6.4453125,0.66,,2026-10-06
120240,대정화금,69876,14820.0,1035562320,0.0002,0.13513513513514486,1.0,,2026-10-06
226400,오스테오닉,246154,4200.0,1033846800,0.0002,0.8403361344537785,1.18,,2026-10-06
462520,조선내화,77620,13090.0,1016045800,0.0002,2.1060842433697324,0.65,,2026-10-06
101530,해태제과식품,183333,5530.0,1013831490,0.0002,0.0,0.63,,2026-10-06
012610,경인양행,294659,3440.0,1013626960,0.0002,1.4749262536873253,0.69,,2026-10-06
293480,하나제약,119266,8410.0,1003027060,0.0002,0.11904761904761862,0.68,,2026-10-06
051500,CJ프레시웨이,45819,21650.0,991981350,0.0002,-0.6880733944954143,0.39,,2026-10-06
054210,이랜텍,137255,7220.0,990981100,0.0002,6.332842415316642,0.52,,2026-10-06
263720,디앤씨미디어,142857,6910.0,987141870,0.0002,-0.28860028860029363,1.16,,2026-10-06
001780,알루코,598504,1648.0,986334592,0.0002,1.7283950617283939,0.6,,2026-10-06
000700,유수홀딩스,150094,6560.0,984616640,0.0002,-1.9431988041853532,0.61,,2026-10-06
418550,제이오,186380,5280.0,984086400,0.0002,0.9560229445506607,0.58,,2026-10-06
063160,종근당바이오,72727,13520.0,983269040,0.0002,5.707584050039083,1.34,,2026-10-06
001460,BYC,27119,36200.0,981707800,0.0002,0.8356545961002881,0.42,,2026-10-06
271980,제일약품,96491,10020.0,966839820,0.0002,0.20000000000000018,0.67,,2026-10-06
007110,일신석재,370370,2605.0,964813850,0.0002,2.5590551181102317,0.5,,2026-10-06
000680,LS네트웍스,324324,2955.0,958377420,0.0002,-0.16891891891891442,0.39,,2026-10-06
003650,미창석유,7830,121400.0,950562000,0.0002,-1.3008130081300862,0.43,,2026-10-06
007570,일양약품,117509,8060.0,947122540,0.0002,-0.24752475247524774,0.7,,2026-10-06
005390,신성통상,230415,4100.0,944701500,0.0002,0.0,0.15,,2026-10-06
003520,영진약품,905433,1039.0,940744887,0.0002,-0.3835091083413178,0.5,,2026-10-06
043150,바텍,52966,17620.0,933260920,0.0002,-0.8998875140607376,0.35,,2026-10-06
099430,바이오플러스,246238,3785.0,932010830,0.0002,0.0,0.42,,2026-10-06
002460,HS화성,82559,11030.0,910625770,0.0002,-0.3613369467027949,0.78,,2026-10-06
004150,한솔홀딩스,255319,3545.0,905105855,0.0002,-2.876712328767128,0.56,,2026-10-06
019680,대교,555556,1623.0,901667388,0.0002,0.0,0.68,,2026-10-06
004090,한국석유,75586,11830.0,894182380,0.0002,-1.416666666666666,0.58,,2026-10-06
081000,일진다이아,91827,9600.0,881539200,0.0002,1.4799154334038,0.64,,2026-10-06
005960,동부건설,104575,8400.0,878430000,0.0002,-0.9433962264150941,0.43,,2026-10-06
389260,대명에너지,61947,13930.0,862921710,0.0002,4.188481675392675,0.34,,2026-10-06
285490,노바텍,68213,12640.0,862212320,0.0002,0.6369426751592355,0.64,,2026-10-06
339770,교촌에프앤비,219780,3910.0,859339800,0.0002,1.2953367875647714,0.87,,2026-10-06
004960,한신공영,78247,10930.0,855239710,0.0002,0.2752293577981568,0.67,,2026-10-06
011280,태림포장,568182,1494.0,848863908,0.0002,2.328767123287667,0.83,,2026-10-06
378850,화승알앤에이,300000,2825.0,847500000,0.0002,-0.8771929824561431,1.65,,2026-10-06
190510,나무가,52950,15910.0,842434500,0.0002,-0.31328320802005427,0.34,,2026-10-06
060280,큐렉소,92879,9000.0,835911000,0.0002,2.505694760820054,0.21,,2026-10-06
047560,이스트소프트,99352,8400.0,834556800,0.0002,8.108108108108114,0.87,,2026-10-06
037560,LG헬로비전,534979,1557.0,832962303,0.0002,1.6318537859007831,0.68,,2026-10-06
025900,동화기업,108696,7600.0,826089600,0.0002,2.42587601078168,0.21,,2026-10-06
282880,코윈테크,70214,11470.0,805354580,0.0002,1.6843971631205656,0.62,,2026-10-06
179290,엠아이텍,172414,4645.0,800863030,0.0002,0.0,0.53,,2026-10-06
006220,제주은행,82063,9680.0,794369840,0.0002,-0.10319917440660964,0.27,,2026-10-06
008350,남선알미늄,735786,1070.0,787291020,0.0002,-0.09337068160597539,0.59,,2026-10-06
016710,대성홀딩스,113798,6890.0,784068220,0.0002,0.7309941520467822,0.67,,2026-10-06
298690,에어부산,521739,1497.0,781043283,0.0002,-0.332889480692411,0.46,,2026-10-06
035000,HS애드,126183,6140.0,774763620,0.0002,-0.32467532467532756,0.76,,2026-10-06
035600,KG이니시스,79186,9700.0,768104200,0.0002,-0.512820512820511,0.27,,2026-10-06
067900,와이엔텍,130506,5860.0,764765160,0.0002,-1.5126050420168013,0.67,,2026-10-06
314930,바이오다인,111801,6820.0,762482820,0.0002,-0.14641288433382416,0.37,,2026-10-06
068240,다원시스,300000,2530.0,759000000,0.0002,0.0,0.8,,2026-10-06
128820,대성산업,178838,4220.0,754696360,0.0002,0.9569377990430672,0.38,,2026-10-06
007540,샘표,15915,46550.0,740843250,0.0002,-0.3211991434689532,0.53,,2026-10-06
085660,차바이오텍,85074,8660.0,736740840,0.0002,2.3640661938534313,0.14,,2026-10-06
006840,AK홀딩스,103734,7000.0,726138000,0.0002,0.0,0.8,,2026-10-06
019440,세아특수강,38168,18870.0,720230160,0.0002,0.0,0.41,,2026-10-06
274090,켄코아에어로스페이스,51177,13720.0,702148440,0.0002,1.7804154302670572,0.4,,2026-10-06
457550,우진엔텍,49681,14130.0,701992530,0.0002,0.0,0.56,,2026-10-06
475960,토모큐브,19544,35900.0,701629600,0.0002,4.664723032069973,0.14,,2026-10-06
037270,YG PLUS,221300,3105.0,687136500,0.0002,0.1612903225806539,0.34,,2026-10-06
036420,콘텐트리중앙,431818,1570.0,677954260,0.0002,-0.8838383838383868,2.23,,2026-10-06
009520,포스코엠텍,50209,13480.0,676817320,0.0002,2.7439024390243816,0.12,,2026-10-06
036580,팜스코,273349,2450.0,669705050,0.0002,-1.2096774193548376,0.7,,2026-10-06
092220,KEC,205128,3260.0,668717280,0.0002,1.3996889580093264,0.53,,2026-10-06
009270,신원,613497,1085.0,665644245,0.0002,-1.4532243415077195,0.57,,2026-10-06
100700,세운메디칼,283976,2330.0,661664080,0.0002,1.304347826086949,0.67,,2026-10-06
001750,한양증권,34072,19110.0,651115920,0.0002,-0.4168837936425196,0.27,,2026-10-06
002450,삼익악기,600858,1081.0,649527498,0.0002,-1.458523245214216,0.68,,2026-10-06
119850,지엔씨에너지,12180,53200.0,647976000,0.0002,-0.5607476635513975,0.07,,2026-10-06
317330,덕산테코피아,47218,13630.0,643581340,0.0002,5.332302936630606,0.23,,2026-10-06
016740,두올,159744,4000.0,638976000,0.0002,0.8827238335435084,0.55,,2026-10-06
090470,제이스텍,155642,4085.0,635797570,0.0002,0.8641975308641969,0.89,,2026-10-06
234690,녹십자웰빙,59642,10660.0,635783720,0.0002,-2.8258887876025485,0.35,,2026-10-06
007980,TP,354108,1778.0,629604024,0.0002,-0.5036373810856198,0.71,,2026-10-06
000970,한국주철관,96774,6490.0,628063260,0.0002,-1.0670731707317027,0.45,,2026-10-06
248170,샘표식품,28283,21950.0,620811850,0.0001,0.22831050228311334,0.59,,2026-10-06
378340,필에너지,45977,13500.0,620689500,0.0001,5.058365758754868,0.2,,2026-10-06
056080,유진로봇,48077,12890.0,619712530,0.0001,1.8167456556082096,0.12,,2026-10-06
079370,제우스,42088,14510.0,610696880,0.0001,1.8245614035087732,0.14,,2026-10-06
214390,경보제약,112540,5410.0,608841400,0.0001,-0.18450184501844769,0.46,,2026-10-06
424960,스마트레이더시스템,153097,3915.0,599374755,0.0001,0.6426735218509005,0.96,,2026-10-06
086980,쇼박스,349206,1711.0,597491466,0.0001,-1.2124711316397252,0.55,,2026-10-06
004140,동방,323326,1831.0,592009906,0.0001,1.0485651214128033,0.7,,2026-10-06
432320,KB스타리츠,359897,1642.0,590950874,0.0001,-0.12165450121655041,0.35,,2026-10-06
010660,화천기계,192308,3065.0,589424020,0.0001,-2.6984126984127,0.8,,2026-10-06
002620,제일파마홀딩스,76726,7680.0,589255680,0.0001,3.087248322147662,0.5,,2026-10-06
067830,세이브존I&C,249377,2360.0,588529720,0.0001,3.2822757111597323,0.59,,2026-10-06
210980,SK디앤디,179806,3230.0,580773380,0.0001,-3.7257824143069995,0.96,,2026-10-06
090850,현대이지웰,115607,4905.0,567052335,0.0001,-0.4060913705583702,0.52,,2026-10-06
014530,극동유화,167598,3375.0,565643250,0.0001,-0.2954209748892156,0.48,,2026-10-06
008260,NI스틸,171674,3275.0,562232350,0.0001,-1.5037593984962405,0.55,,2026-10-06
070960,모나용평,280374,1996.0,559626504,0.0001,-0.44887780548628076,0.56,,2026-10-06
353810,이지바이오,95012,5880.0,558670560,0.0001,-3.4482758620689613,0.31,,2026-10-06
083420,그린케미칼,117130,4720.0,552853600,0.0001,0.42553191489360653,0.49,,2026-10-06
025820,이구산업,126743,4285.0,543093755,0.0001,-0.810185185185186,0.39,,2026-10-06
211270,AP위성,55424,9700.0,537612800,0.0001,1.9978969505783484,0.36,,2026-10-06
107590,미원홀딩스,8940,59600.0,532824000,0.0001,-0.16750418760469454,0.36,,2026-10-06
310200,애니플러스,233010,2225.0,518447250,0.0001,1.8306636155606348,0.48,,2026-10-06
003610,방림,93677,5500.0,515223500,0.0001,0.18214936247722413,0.23,,2026-10-06
123690,한국화장품,80515,6380.0,513685700,0.0001,-1.6949152542372836,0.53,,2026-10-06
078020,LS증권,78329,6490.0,508355210,0.0001,-0.15384615384614886,0.15,,2026-10-06
011000,진원생명과학,189125,2670.0,504963750,0.0001,0.0,0.25,,2026-10-06
003480,한진중공업홀딩스,108696,4640.0,504349440,0.0001,-0.8547008547008517,0.32,,2026-10-06
012320,경동인베스트,11475,43700.0,501457500,0.0001,0.5753739930955071,0.51,,2026-10-06
058860,KTis,191571,2600.0,498084600,0.0001,0.9708737864077666,0.52,,2026-10-06
002200,한국수출포장,180180,2760.0,497296800,0.0001,-0.1808318264014508,0.42,,2026-10-06
004440,삼일씨엔에스,90090,5490.0,494594100,0.0001,0.9191176470588314,0.71,,2026-10-06
033640,네패스,15267,32350.0,493887450,0.0001,3.685897435897445,0.09,,2026-10-06
039840,디오,49566,9950.0,493181700,0.0001,-1.8737672583826415,0.35,,2026-10-06
355150,코스텍시스,19685,24800.0,488188000,0.0001,6.4377682403433445,0.36,,2026-10-06
011560,세보엠이씨,19802,24350.0,482178700,0.0001,-0.2049180327868827,0.21,,2026-10-06
001360,삼성제약,325098,1470.0,477894060,0.0001,2.581995812979754,0.31,,2026-10-06
095500,미래나노텍,65617,7240.0,475067080,0.0001,1.8284106891701901,0.19,,2026-10-06
005870,휴니드,103761,4500.0,466924500,0.0001,-1.8538713195201728,0.7,,2026-10-06
267850,아시아나IDT,49917,9340.0,466224780,0.0001,0.8639308855291628,0.45,,2026-10-06
036800,나이스정보통신,55741,8280.0,461535480,0.0001,-1.7793594306049876,0.53,,2026-10-06
032560,황금에스티,82559,5550.0,458202450,0.0001,0.9090909090909038,0.52,,2026-10-06
079980,휴비스,232558,1925.0,447674150,0.0001,-0.05192107995846129,0.66,,2026-10-06
005800,신영와코루,32823,13360.0,438515280,0.0001,-1.1834319526627168,0.4,,2026-10-06
014990,인디에프,109290,3980.0,434974200,0.0001,-1.4851485148514865,0.08,,2026-10-06
014710,사조씨푸드,43243,9950.0,430267850,0.0001,2.6831785345717174,0.29,,2026-10-06
034590,인천도시가스,16260,26250.0,426825000,0.0001,-0.1901140684410607,0.37,,2026-10-06
095720,웅진씽크빅,350765,1196.0,419514940,0.0001,-0.8291873963515717,0.63,,2026-10-06
000850,화천기공,11342,36800.0,417385600,0.0001,-1.2080536912751683,0.55,,2026-10-06
012280,영화금속,111111,3685.0,409444035,0.0001,3.8028169014084456,0.13,,2026-10-06
100130,동국S&C,247934,1635.0,405372090,0.0001,4.472843450479225,0.45,,2026-10-06
270870,뉴트리,108696,3720.0,404349120,0.0001,1.9178082191780854,1.16,,2026-10-06
024090,디씨엠,35180,11350.0,399293000,0.0001,-1.1324041811846652,0.33,,2026-10-06
091120,이엠텍,69444,5720.0,397219680,0.0001,-0.521739130434784,0.41,,2026-10-06
134380,미원화학,38071,10330.0,393273430,0.0001,1.9743336623889496,0.17,,2026-10-06
389470,인벤티지랩,14085,27700.0,390154500,0.0001,-2.1201413427561877,0.15,,2026-10-06
186230,그린플러스,120968,3215.0,388912120,0.0001,-0.7716049382716084,1.18,,2026-10-06
045970,코아시아,101138,3830.0,387358540,0.0001,-0.39011703511053764,0.43,,2026-10-06
094480,갤럭시아머니트리,65617,5870.0,385171790,0.0001,-0.8445945945945943,0.16,,2026-10-06
012800,대창,322581,1191.0,384193971,0.0001,-0.7499999999999951,0.35,,2026-10-06
068290,삼성출판사,60770,6280.0,381635600,0.0001,2.9508196721311553,0.64,,2026-10-06
005740,크라운해태홀딩스,72727,5230.0,380362210,0.0001,-0.1908396946564861,0.47,,2026-10-06
084850,아이티엠반도체,47059,7990.0,376001410,0.0001,-2.7980535279805374,0.21,,2026-10-06
008250,이건산업,115830,3210.0,371814300,0.0001,2.0667726550079424,1.13,,2026-10-06
002700,신일전자,354610,1024.0,363120640,0.0001,1.3861386138613874,0.48,,2026-10-06
003580,HLB글로벌,171569,2080.0,356863520,0.0001,17.447769621682664,0.34,,2026-10-06
111380,동인기연,27382,12900.0,353227800,0.0001,-0.1547987616099089,0.45,,2026-10-06
086390,유니테스트,22753,15400.0,350396200,0.0001,1.3157894736842035,0.09,,2026-10-06
120030,조선선재,4202,82700.0,347505400,0.0001,-0.12077294685990392,0.32,,2026-10-06
013520,화승코퍼레이션,132363,2575.0,340834725,0.0001,0.7827788649706457,0.24,,2026-10-06
073490,이노와이어리스,9662,34900.0,337203800,0.0001,-0.8522727272727293,0.12,,2026-10-06
051160,지어소프트,24631,13660.0,336459460,0.0001,5.809450038729658,0.15,,2026-10-06
089850,유비벨록스,77640,4325.0,335793000,0.0001,0.11574074074074403,0.48,,2026-10-06
446070,유니드비티플러스,83916,3985.0,334405260,0.0001,-1.4833127317676165,0.8,,2026-10-06
214330,금호에이치티,48077,6920.0,332692840,0.0001,-2.121640735502117,0.19,,2026-10-06
058850,KTcs,149254,2200.0,328358800,0.0001,0.0,0.39,,2026-10-06
365590,하이딥,213871,1534.0,328078114,0.0001,18.27293754818813,0.73,,2026-10-06
014160,대영포장,498008,655.0,326195240,0.0001,0.0,0.44,,2026-10-06
011810,STX,91848,3530.0,324223440,0.0001,0.0,0.26,,2026-10-06
003830,대한화섬,2865,109000.0,312285000,0.0001,0.8325624421831712,0.19,,2026-10-06
104460,디와이피엔에프,46512,6700.0,311630400,0.0001,0.1494768310911887,0.47,,2026-10-06
290550,디케이티,12626,24450.0,308705700,0.0001,2.73109243697478,0.09,,2026-10-06
041650,상신브레이크,138169,2190.0,302590110,0.0001,0.4587155963302836,0.71,,2026-10-06
397030,에이프릴바이오,18519,16030.0,296859570,0.0001,-5.816686251468861,0.08,,2026-10-06
009200,무림페이퍼,195122,1518.0,296195196,0.0001,-0.1315789473684159,0.41,,2026-10-06
004840,DRB동일,73801,3980.0,293727980,0.0001,-0.25062656641604564,0.32,,2026-10-06
006490,인스코비,198020,1459.0,288911180,0.0001,-0.4774897680764001,0.19,,2026-10-06
153710,옵티팜,64586,4455.0,287730630,0.0001,-1.0000000000000009,0.44,,2026-10-06
143160,아이디스,17953,16020.0,287607060,0.0001,-0.06238303181534954,0.19,,2026-10-06
299030,하나기술,17493,16390.0,286710270,0.0001,5.266538214515104,0.19,,2026-10-06
244920,에이플러스에셋,22676,12610.0,285944360,0.0001,3.3606557377049207,0.07,,2026-10-06
008700,아남전자,227445,1242.0,282486690,0.0001,0.1612903225806539,0.33,,2026-10-06
005160,동국산업,67720,4145.0,280699400,0.0001,4.4080604534004975,0.11,,2026-10-06
003460,유화증권,91116,3000.0,273348000,0.0001,0.5025125628140614,0.15,,2026-10-06
061970,LB세미콘,56180,4855.0,272753900,0.0001,2.210526315789463,0.14,,2026-10-06
002720,국제약품,79051,3410.0,269563910,0.0001,3.963414634146334,0.37,,2026-10-06
023800,인지컨트롤스,52817,5050.0,266725850,0.0001,0.0,0.38,,2026-10-06
014940,오리엔탈정공,57582,4565.0,262861830,0.0001,-0.5446623093681935,0.11,,2026-10-06
055490,테이팩스,15723,16710.0,262731330,0.0001,0.059880239520948564,0.4,,2026-10-06
011150,CJ씨푸드,137694,1881.0,259002414,0.0001,-0.31796502384737746,0.36,,2026-10-06
067920,이글루,37807,6580.0,248770060,0.0001,12.286689419795227,0.32,,2026-10-06
063170,서울옥션,44248,5570.0,246461360,0.0001,0.0,0.29,,2026-10-06
227840,현대코퍼레이션홀딩스,19417,12630.0,245236710,0.0001,-0.9411764705882342,0.23,,2026-10-06
012690,모나리자,172117,1405.0,241824385,0.0001,-1.1259676284306797,0.51,,2026-10-06
016090,대현,171306,1410.0,241541460,0.0001,0.0,0.38,,2026-10-06
139990,아주스틸,102960,2285.0,235263600,0.0001,-1.931330472102999,0.4,,2026-10-06
084730,팅크웨어,33708,6970.0,234944760,0.0001,-0.14326647564469885,0.32,,2026-10-06
003060,에이프로젠바이오로직스,151057,1555.0,234893635,0.0001,-0.5754475703324768,0.08,,2026-10-06
010040,한국내화,139535,1661.0,231767635,0.0001,1.2804878048780388,0.38,,2026-10-06
000230,일동홀딩스,36855,6260.0,230712300,0.0001,1.1308562197092087,0.3,,2026-10-06
305090,마이크로디지탈,423814,538.0,228011932,0.0001,0.0,2.57,,2026-10-06
058730,다스코,70053,3195.0,223819335,0.0001,0.4716981132075526,0.46,,2026-10-06
155660,DSR,52425,4265.0,223592625,0.0001,0.3529411764705781,0.27,,2026-10-06
002210,동성제약,172786,1284.0,221857224,0.0001,0.46948356807512415,0.29,,2026-10-06
389020,자람테크놀로지,12834,17000.0,218178000,0.0001,-0.3516998827667095,0.2,,2026-10-06
016880,웅진,119474,1824.0,217920576,0.0001,-0.9771986970684043,0.11,,2026-10-06
225190,LK삼양,42699,5010.0,213921990,0.0001,0.0,0.07,,2026-10-06
370090,퓨런티어,34026,6230.0,211981980,0.0001,0.9724473257698651,0.41,,2026-10-06
013870,지엠비코리아,54496,3780.0,205994880,0.0,-1.0471204188481686,0.26,,2026-10-06
012200,계양전기,65488,3145.0,205959760,0.0,1.12540192926045,0.28,,2026-10-06
007280,한국특강,88968,2290.0,203736720,0.0,0.659340659340657,0.33,,2026-10-06
001260,남광토건,25126,8100.0,203520600,0.0,-0.24630541871921707,0.24,,2026-10-06
004830,덕성,59524,3400.0,202381600,0.0,2.2556390977443552,0.35,,2026-10-06
118990,모트렉스,31612,6400.0,202316800,0.0,1.1058451816745585,0.14,,2026-10-06
004080,신흥,13986,14360.0,200838960,0.0,-0.6915629322268302,0.18,,2026-10-06
024880,케이피에프,51151,3910.0,200000410,0.0,-1.6352201257861632,0.22,,2026-10-06
372170,윤성에프앤씨,8463,23250.0,196764750,0.0,5.681818181818188,0.1,,2026-10-06
004060,SG세계물산,93750,2075.0,194531250,0.0,-0.7177033492822948,0.41,,2026-10-06
011700,한신기계,74074,2550.0,188888700,0.0,-0.195694716242667,0.22,,2026-10-06
011690,와이투솔루션,49383,3810.0,188149230,0.0,1.8716577540107027,0.15,,2026-10-06
023000,삼원강재,85288,2205.0,188060040,0.0,-0.2262443438914019,0.18,,2026-10-06
150900,파수,40816,4520.0,184488320,0.0,15.601023017902804,0.36,,2026-10-06
217190,제너셈,22114,8290.0,183325060,0.0,0.363196125907983,0.23,,2026-10-06
003780,진양산업,46243,3960.0,183122280,0.0,-4.232164449818621,0.4,,2026-10-06
003010,혜인,20429,8860.0,181000940,0.0,-6.24338624338624,0.19,,2026-10-06
013120,동원개발,84926,2090.0,177495340,0.0,-1.4150943396226467,0.09,,2026-10-06
004890,동일산업,5057,34700.0,175477900,0.0,0.7256894049346929,0.16,,2026-10-06
211050,인카금융서비스,17825,9690.0,172724250,0.0,0.4145077720207224,0.03,,2026-10-06
065510,휴비츠,24570,6990.0,171744300,0.0,-1.4104372355430161,0.16,,2026-10-06
010580,에스엠벡셀,74683,2210.0,165049430,0.0,-1.9955654101995512,0.04,,2026-10-06
122450,KX,65898,2490.0,164086020,0.0,-0.7968127490039834,0.13,,2026-10-06
163560,동일고무벨트,29499,5560.0,164014440,0.0,-0.17953321364452268,0.22,,2026-10-06
072130,유엔젤,33113,4705.0,155796665,0.0,-1.5690376569037712,0.22,,2026-10-06
453860,에이에스텍,21265,7250.0,154171250,0.0,-4.227212681638049,0.35,,2026-10-06
396690,미래에셋글로벌리츠,116054,1322.0,153423388,0.0,-2.4354243542435428,0.31,,2026-10-06
006660,삼성공조,11249,13480.0,151636520,0.0,2.5095057034220547,0.09,,2026-10-06
069730,DSR제강,27701,5440.0,150693440,0.0,-0.18348623853210455,0.17,,2026-10-06
021820,세원정공,13793,10820.0,149240260,0.0,1.883239171374762,0.17,,2026-10-06
013360,일성건설,109290,1364.0,149071560,0.0,-0.8000000000000007,0.21,,2026-10-06
092440,기신정기,81136,1829.0,148397744,0.0,-0.05464480874316502,0.3,,2026-10-06
000180,성창기업지주,30349,4820.0,146282180,0.0,1.048218029350112,0.17,,2026-10-06
461030,아이엠비디엑스,46948,3040.0,142721920,0.0,4.827586206896561,0.31,,2026-10-06
037070,파세코,20986,6780.0,142285080,0.0,-0.14727540500736325,0.16,,2026-10-06
017180,명문제약,109951,1265.0,139088015,0.0,-0.628436763550666,0.34,,2026-10-06
078000,텔코웨어,10235,13400.0,137149000,0.0,-0.8142116950407119,0.08,,2026-10-06
036190,금화피에스시,4073,33400.0,136038200,0.0,-1.764705882352946,0.09,,2026-10-06
009180,한솔로지스틱스,48077,2810.0,135096370,0.0,0.0,0.11,,2026-10-06
001080,만호제강,33727,3935.0,132715745,0.0,-1.6249999999999987,0.07,,2026-10-06
068930,디지털대성,14493,9150.0,132610950,0.0,-1.2944983818770184,0.07,,2026-10-06
014440,영보화학,28090,4670.0,131180300,0.0,0.1071811361200492,0.18,,2026-10-06
064800,포니링크,60698,2115.0,128376270,0.0,2.421307506053272,0.22,,2026-10-06
011390,부산산업,2685,47050.0,126329250,0.0,-1.5690376569037712,0.25,,2026-10-06
047400,유니온머티리얼,138249,889.0,122903361,0.0,-2.6286966046002225,0.35,,2026-10-06
001380,SG글로벌,105232,1105.0,116281360,0.0,-7.220822837951301,0.46,,2026-10-06
006370,대구백화점,38095,3045.0,115999275,0.0,1.8394648829431537,0.32,,2026-10-06
125210,아모그린텍,17036,6760.0,115163360,0.0,3.0487804878048808,0.09,,2026-10-06
006980,우성,6734,17010.0,114545340,0.0,1.009501187648465,0.24,,2026-10-06
417310,코람코더원리츠,47393,2380.0,112795340,0.0,0.21052631578948322,0.14,,2026-10-06
014790,HL D&I,45147,2485.0,112190295,0.0,-0.6000000000000005,0.12,,2026-10-06
006090,사조오양,12422,9020.0,112046440,0.0,-0.22123893805309214,0.17,,2026-10-06
000590,CS홀딩스,1451,70600.0,102440600,0.0,0.42674253200569723,0.1,,2026-10-06
001560,제일연마,10941,9280.0,101532480,0.0,3.6871508379888285,0.15,,2026-10-06
034300,신세계건설,5522,18160.0,100279520,0.0,0.0,0.04,,2026-10-06
023450,동남합성,3155,31500.0,99382500,0.0,-1.5625,0.05,,2026-10-06
001550,조비,9524,10130.0,96478120,0.0,-0.5888125613346396,0.24,,2026-10-06
023810,인팩,17331,5380.0,93240780,0.0,-0.18552875695733162,0.24,,2026-10-06
002760,보락,92081,994.0,91528514,0.0,-0.6000000000000005,0.2,,2026-10-06
008420,문배철강,43103,2100.0,90516300,0.0,1.2048192771084265,0.26,,2026-10-06
007590,동방아그로,16181,5530.0,89480930,0.0,-1.2499999999999956,0.14,,2026-10-06
075180,새론오토모티브,30488,2930.0,89329840,0.0,0.5145797598627766,0.18,,2026-10-06
179900,유티아이,34483,2590.0,89310970,0.0,11.879049676025911,0.2,,2026-10-06
026940,부국철강,41754,2090.0,87265860,0.0,-1.4150943396226467,0.15,,2026-10-06
004770,써니전자,48193,1797.0,86602821,0.0,-2.1774632553075657,0.15,,2026-10-06
323990,박셀바이오,19175,4390.0,84178250,0.0,2.450408401400228,0.07,,2026-10-06
000220,유유제약,22198,3785.0,84019430,0.0,0.1322751322751392,0.12,,2026-10-06
129260,인터지스,41408,1899.0,78633792,0.0,-1.196670135275757,0.18,,2026-10-06
009460,한창제지,28050,2715.0,76155750,0.0,-1.9855595667869985,0.18,,2026-10-06
011420,갤럭시아에스엠,51813,1433.0,74248029,0.0,0.42046250875964475,0.12,,2026-10-06
950160,코오롱티슈진,4301,17120.0,73633120,0.0,6.137631742095473,,,2026-10-06
306040,에스제이그룹,40568,1812.0,73509216,0.0,-7.78625954198473,0.48,,2026-10-06
004720,팜젠사이언스,24450,2895.0,70782750,0.0,1.5789473684210575,0.18,,2026-10-06
124560,태웅로직스,34602,1970.0,68165940,0.0,0.10162601626015899,0.08,,2026-10-06
372910,한컴라이프케어,31847,2135.0,67993345,0.0,-0.2336448598130869,0.11,,2026-10-06
006880,신송홀딩스,16051,4235.0,67975985,0.0,0.35545023696681444,0.14,,2026-10-06
023350,한국종합기술,17094,3730.0,63760620,0.0,-0.7978723404255317,0.12,,2026-10-06
002360,SH에너지화학,18975,3350.0,63566250,0.0,0.7518796992481258,0.24,,2026-10-06
053450,세코닉스,18382,3350.0,61579700,0.0,-0.29761904761904656,0.1,,2026-10-06
017040,광명전기,64392,932.0,60013344,0.0,0.0,0.15,,2026-10-06
025750,한솔홈데코,31104,1900.0,59097600,0.0,0.05265929436546468,0.26,,2026-10-06
000910,유니온,19881,2940.0,58450140,0.0,-0.3389830508474523,0.09,,2026-10-06
004910,조광페인트,16779,3430.0,57551970,0.0,-1.0101010101010055,0.08,,2026-10-06
308170,씨티알모빌리티,16863,3335.0,56238105,0.0,-1.0385756676557834,0.13,,2026-10-06
347770,핌스,60976,917.0,55914992,0.0,8.778173190984573,0.26,,2026-10-06
002630,오리엔트바이오,32321,1676.0,54169996,0.0,2.195121951219514,0.06,,2026-10-06
000890,보해양조,40984,1315.0,53893960,0.0,-0.9042954031650341,0.15,,2026-10-06
004540,깨끗한나라,43573,1230.0,53594790,0.0,-0.8064516129032251,0.13,,2026-10-06
068050,팬엔터테인먼트,48780,1031.0,50292180,0.0,-10.347826086956523,0.26,,2026-10-06
473980,노머스,4854,10250.0,49753500,0.0,-0.19474196689386325,0.06,,2026-10-06
001020,페이퍼코리아,23923,1931.0,46195313,0.0,-1.479591836734695,0.1,,2026-10-06
011090,에넥스,34602,1314.0,45467028,0.0,-1.7937219730941756,0.22,,2026-10-06
051630,진양화학,31008,1410.0,43721280,0.0,-8.560311284046696,0.15,,2026-10-06
069460,대호에이엘,15613,2660.0,41530580,0.0,0.0,0.09,,2026-10-06
226330,신테카바이오,22763,1297.0,29523611,0.0,2.4486571879936747,0.18,,2026-10-06
465770,STX그린로지스,12610,2110.0,26607100,0.0,-5.803571428571431,0.09,,2026-10-06
093240,형지엘리트,55772,296.0,16508512,0.0,0.0,0.2,,2026-10-06
093230,이아이디,215517,33.0,7112061,0.0,-49.23076923076923,0.07,,2026-10-06
268600,셀리버리,14970,16.0,239520,0.0,-30.434782608695656,0.04,,2026-10-06
057880,푸른소나무,11377,6.0,68262,0.0,-68.42105263157895,0.06,,2026-10-06
